Workbook
Name Slicer_instant: #N/A
Name Slicer_season: #N/A
Name Slicer_weathersit: #N/A
Name Slicer_weekday: #N/A

Sheet User Demand by Hour
A3: hr | B3: Sum of instant
A4: 0 | B4: 7690
A5: 1 | B5: 7716
A6: 2 | B6: 7164
A7: 3 | B7: 5251
A8: 4 | B8: 5298
A9: 5 | B9: 7287
A10: 6 | B10: 7826
A11: 7 | B11: 7852
A12: 8 | B12: 7878
A13: 9 | B13: 7904
A14: 10 | B14: 7930
A15: 11 | B15: 7956
... A27: 23 | B27: 8060
A28: Grand Total | B28: 186355

Sheet Demand by Weather Condition
A3: weathersit | B3: Sum of instant
A4: 1 | B4: 105251
A5: 2 | B5: 62670
A6: 3 | B6: 17848
A7: 4 | B7: 586
A8: Grand Total | B8: 186355

Sheet Sheet3

Sheet Weekend vs Weekday Demand
A3: DayType | B3: Sum of instant
A4: weekend | B4: 186355
A5: Grand Total | B5: 186355

Sheet dataset_1
A1: instant | B1: dteday | C1: season | D1: yr | E1: mnth | F1: hr | G1: holiday | H1: weekday | I1: weathersit | J1: temp | K1: DayType | L1: SeasonName | M1: Total temp | N1: Avg Temp | O1: Weekend Count | P1: Temp in text | Q1: Left Text | R1: Right Text | S1: Text lenght | T1: Column1 | U1: countif | V1: sumif | W1: StdV | X1: Correl
A2: 1 | B2: 40544 | C2: 1 | D2: 0 | E2: 1 | F2: 0 | G2: FALSE | H2: 6 | I2: 1 | J2: 0.24 | K2: =IF(H2=0,"weekend",IF(H2=6,"weekend","weekend")) -> weekend | L2: =IF(C2=1,"Spring",IF(C2=2,"Summer",IF(C2=3,"Fall","Winter"))) -> Spring | M2: =SUM(J2:J26) -> 8.72 | N2: =AVERAGE(J2:J611) -> 0.19688525 | O2: =COUNT(J2:J611) -> 610 | P2: =TEXT(J2,"0.00") -> 0.24 | Q2: =LEFT(L2,3) -> Spr | R2: =RIGHT(L2,3) -> ing | S2: =LEN(L2) -> 6 | T2: =A2&"|"&B2&"|"&F2 -> 1|40544|0 | U2: =COUNTIF(K:K,"weekend") -> 610 | V2: =SUMIF($K:$K,"weekend",$J:$J) -> 120.1 | W2: =STDEV($J:$J) -> 0.081303845 | X2: =CORREL(J:J,F:F) -> 0.16514795
A3: 2 | B3: 40544 | C3: 1 | D3: 0 | E3: 1 | F3: 1 | G3: FALSE | H3: 6 | I3: 1 | J3: 0.22 | K3: =IF(H3=0,"weekend",IF(H3=6,"weekend","weekend")) -> weekend | L3: =IF(C3=1,"Spring",IF(C3=2,"Summer",IF(C3=3,"Fall","Winter"))) -> Spring | M3: =SUM(J3:J27) -> 8.92 | N3: =AVERAGE(J3:J612) -> 0.19681445 | O3: =COUNT(J3:J612) -> 609 | P3: =TEXT(J3,"0.00") -> 0.22 | Q3: =LEFT(L3,3) -> Spr | R3: =RIGHT(L3,3) -> ing | S3: =LEN(L3) -> 6 | T3: =A3&"|"&B3&"|"&F3 -> 2|40544|1 | U3: =COUNTIF(K:K,"weekend") -> 610 | V3: =SUMIF($K:$K,"weekend",$J:$J) -> 120.1 | W3: =STDEV($J:$J) -> 0.081303845 | X3: =CORREL(J:J,F:F) -> 0.16514795
A4: 3 | B4: 40544 | C4: 1 | D4: 0 | E4: 1 | F4: 2 | G4: FALSE | H4: 6 | I4: 1 | J4: 0.22 | K4: =IF(H4=0,"weekend",IF(H4=6,"weekend","weekend")) -> weekend | L4: =IF(C4=1,"Spring",IF(C4=2,"Summer",IF(C4=3,"Fall","Winter"))) -> Spring | M4: =SUM(J4:J28) -> 9.12 | N4: =AVERAGE(J4:J613) -> 0.19677632 | O4: =COUNT(J4:J613) -> 608 | P4: =TEXT(J4,"0.00") -> 0.22 | Q4: =LEFT(L4,3) -> Spr | R4: =RIGHT(L4,3) -> ing | S4: =LEN(L4) -> 6 | T4: =A4&"|"&B4&"|"&F4 -> 3|40544|2 | U4: =COUNTIF(K:K,"weekend") -> 610 | V4: =SUMIF($K:$K,"weekend",$J:$J) -> 120.1 | W4: =STDEV($J:$J) -> 0.081303845 | X4: =CORREL(J:J,F:F) -> 0.16514795
A5: 4 | B5: 40544 | C5: 1 | D5: 0 | E5: 1 | F5: 3 | G5: FALSE | H5: 6 | I5: 1 | J5: 0.24 | K5: =IF(H5=0,"weekend",IF(H5=6,"weekend","weekend")) -> weekend | L5: =IF(C5=1,"Spring",IF(C5=2,"Summer",IF(C5=3,"Fall","Winter"))) -> Spring | M5: =SUM(J5:J29) -> 9.36 | N5: =AVERAGE(J5:J614) -> 0.19673806 | O5: =COUNT(J5:J614) -> 607 | P5: =TEXT(J5,"0.00") -> 0.24 | Q5: =LEFT(L5,3) -> Spr | R5: =RIGHT(L5,3) -> ing | S5: =LEN(L5) -> 6 | T5: =A5&"|"&B5&"|"&F5 -> 4|40544|3 | U5: =COUNTIF(K:K,"weekend") -> 610 | V5: =SUMIF($K:$K,"weekend",$J:$J) -> 120.1 | W5: =STDEV($J:$J) -> 0.081303845 | X5: =CORREL(J:J,F:F) -> 0.16514795
A6: 5 | B6: 40544 | C6: 1 | D6: 0 | E6: 1 | F6: 4 | G6: FALSE | H6: 6 | I6: 1 | J6: 0.24 | K6: =IF(H6=0,"weekend",IF(H6=6,"weekend","weekend")) -> weekend | L6: =IF(C6=1,"Spring",IF(C6=2,"Summer",IF(C6=3,"Fall","Winter"))) -> Spring | M6: =SUM(J6:J30) -> 9.58 | N6: =AVERAGE(J6:J615) -> 0.19666667 | O6: =COUNT(J6:J615) -> 606 | P6: =TEXT(J6,"0.00") -> 0.24 | Q6: =LEFT(L6,3) -> Spr | R6: =RIGHT(L6,3) -> ing | S6: =LEN(L6) -> 6 | T6: =A6&"|"&B6&"|"&F6 -> 5|40544|4 | U6: =COUNTIF(K:K,"weekend") -> 610 | V6: =SUMIF($K:$K,"weekend",$J:$J) -> 120.1 | W6: =STDEV($J:$J) -> 0.081303845 | X6: =CORREL(J:J,F:F) -> 0.16514795
A7: 6 | B7: 40544 | C7: 1 | D7: 0 | E7: 1 | F7: 5 | G7: FALSE | H7: 6 | I7: 2 | J7: 0.24 | K7: =IF(H7=0,"weekend",IF(H7=6,"weekend","weekend")) -> weekend | L7: =IF(C7=1,"Spring",IF(C7=2,"Summer",IF(C7=3,"Fall","Winter"))) -> Spring | M7: =SUM(J7:J31) -> 9.76 | N7: =AVERAGE(J7:J616) -> 0.19659504 | O7: =COUNT(J7:J616) -> 605 | P7: =TEXT(J7,"0.00") -> 0.24 | Q7: =LEFT(L7,3) -> Spr | R7: =RIGHT(L7,3) -> ing | S7: =LEN(L7) -> 6 | T7: =A7&"|"&B7&"|"&F7 -> 6|40544|5 | U7: =COUNTIF(K:K,"weekend") -> 610 | V7: =SUMIF($K:$K,"weekend",$J:$J) -> 120.1 | W7: =STDEV($J:$J) -> 0.081303845 | X7: =CORREL(J:J,F:F) -> 0.16514795
A8: 7 | B8: 40544 | C8: 1 | D8: 0 | E8: 1 | F8: 6 | G8: FALSE | H8: 6 | I8: 1 | J8: 0.22 | K8: =IF(H8=0,"weekend",IF(H8=6,"weekend","weekend")) -> weekend | L8: =IF(C8=1,"Spring",IF(C8=2,"Summer",IF(C8=3,"Fall","Winter"))) -> Spring | M8: =SUM(J8:J32) -> 9.92 | N8: =AVERAGE(J8:J617) -> 0.19652318 | O8: =COUNT(J8:J617) -> 604 | P8: =TEXT(J8,"0.00") -> 0.22 | Q8: =LEFT(L8,3) -> Spr | R8: =RIGHT(L8,3) -> ing | S8: =LEN(L8) -> 6 | T8: =A8&"|"&B8&"|"&F8 -> 7|40544|6 | U8: =COUNTIF(K:K,"weekend") -> 610 | V8: =SUMIF($K:$K,"weekend",$J:$J) -> 120.1 | W8: =STDEV($J:$J) -> 0.081303845 | X8: =CORREL(J:J,F:F) -> 0.16514795
A9: 8 | B9: 40544 | C9: 1 | D9: 0 | E9: 1 | F9: 7 | G9: FALSE | H9: 6 | I9: 1 | J9: 0.2 | K9: =IF(H9=0,"weekend",IF(H9=6,"weekend","weekend")) -> weekend | L9: =IF(C9=1,"Spring",IF(C9=2,"Summer",IF(C9=3,"Fall","Winter"))) -> Spring | M9: =SUM(J9:J33) -> 10.1 | N9: =AVERAGE(J9:J618) -> 0.19648425 | O9: =COUNT(J9:J618) -> 603 | P9: =TEXT(J9,"0.00") -> 0.20 | Q9: =LEFT(L9,3) -> Spr | R9: =RIGHT(L9,3) -> ing | S9: =LEN(L9) -> 6 | T9: =A9&"|"&B9&"|"&F9 -> 8|40544|7 | U9: =COUNTIF(K:K,"weekend") -> 610 | V9: =SUMIF($K:$K,"weekend",$J:$J) -> 120.1 | W9: =STDEV($J:$J) -> 0.081303845 | X9: =CORREL(J:J,F:F) -> 0.16514795
A10: 9 | B10: 40544 | C10: 1 | D10: 0 | E10: 1 | F10: 8 | G10: FALSE | H10: 6 | I10: 1 | J10: 0.24 | K10: =IF(H10=0,"weekend",IF(H10=6,"weekend","weekend")) -> weekend | L10: =IF(C10=1,"Spring",IF(C10=2,"Summer",IF(C10=3,"Fall","Winter"))) -> Spring | M10: =SUM(J10:J34) -> 10.28 | N10: =AVERAGE(J10:J619) -> 0.19647841 | O10: =COUNT(J10:J619) -> 602 | P10: =TEXT(J10,"0.00") -> 0.24 | Q10: =LEFT(L10,3) -> Spr | R10: =RIGHT(L10,3) -> ing | S10: =LEN(L10) -> 6 | T10: =A10&"|"&B10&"|"&F10 -> 9|40544|8 | U10: =COUNTIF(K:K,"weekend") -> 610 | V10: =SUMIF($K:$K,"weekend",$J:$J) -> 120.1 | W10: =STDEV($J:$J) -> 0.081303845 | X10: =CORREL(J:J,F:F) -> 0.16514795
A11: 10 | B11: 40544 | C11: 1 | D11: 0 | E11: 1 | F11: 9 | G11: FALSE | H11: 6 | I11: 1 | J11: 0.32 | K11: =IF(H11=0,"weekend",IF(H11=6,"weekend","weekend")) -> weekend | L11: =IF(C11=1,"Spring",IF(C11=2,"Summer",IF(C11=3,"Fall","Winter"))) -> Spring | M11: =SUM(J11:J35) -> 10.4 | N11: =AVERAGE(J11:J620) -> 0.19640599 | O11: =COUNT(J11:J620) -> 601 | P11: =TEXT(J11,"0.00") -> 0.32 | Q11: =LEFT(L11,3) -> Spr | R11: =RIGHT(L11,3) -> ing | S11: =LEN(L11) -> 6 | T11: =A11&"|"&B11&"|"&F11 -> 10|40544|9 | U11: =COUNTIF(K:K,"weekend") -> 610 | V11: =SUMIF($K:$K,"weekend",$J:$J) -> 120.1 | W11: =STDEV($J:$J) -> 0.081303845 | X11: =CORREL(J:J,F:F) -> 0.16514795
A12: 11 | B12: 40544 | C12: 1 | D12: 0 | E12: 1 | F12: 10 | G12: FALSE | H12: 6 | I12: 1 | J12: 0.38 | K12: =IF(H12=0,"weekend",IF(H12=6,"weekend","weekend")) -> weekend | L12: =IF(C12=1,"Spring",IF(C12=2,"Summer",IF(C12=3,"Fall","Winter"))) -> Spring | M12: =SUM(J12:J36) -> 10.44 | N12: =AVERAGE(J12:J621) -> 0.1962 | O12: =COUNT(J12:J621) -> 600 | P12: =TEXT(J12,"0.00") -> 0.38 | Q12: =LEFT(L12,3) -> Spr | R12: =RIGHT(L12,3) -> ing | S12: =LEN(L12) -> 6 | T12: =A12&"|"&B12&"|"&F12 -> 11|40544|10 | U12: =COUNTIF(K:K,"weekend") -> 610 | V12: =SUMIF($K:$K,"weekend",$J:$J) -> 120.1 | W12: =STDEV($J:$J) -> 0.081303845 | X12: =CORREL(J:J,F:F) -> 0.16514795
A13: 12 | B13: 40544 | C13: 1 | D13: 0 | E13: 1 | F13: 11 | G13: FALSE | H13: 6 | I13: 1 | J13: 0.36 | K13: =IF(H13=0,"weekend",IF(H13=6,"weekend","weekend")) -> weekend | L13: =IF(C13=1,"Spring",IF(C13=2,"Summer",IF(C13=3,"Fall","Winter"))) -> Spring | M13: =SUM(J13:J37) -> 10.42 | N13: =AVERAGE(J13:J622) -> 0.19589316 | O13: =COUNT(J13:J622) -> 599 | P13: =TEXT(J13,"0.00") -> 0.36 | Q13: =LEFT(L13,3) -> Spr | R13: =RIGHT(L13,3) -> ing | S13: =LEN(L13) -> 6 | T13: =A13&"|"&B13&"|"&F13 -> 12|40544|11 | U13: =COUNTIF(K:K,"weekend") -> 610 | V13: =SUMIF($K:$K,"weekend",$J:$J) -> 120.1 | W13: =STDEV($J:$J) -> 0.081303845 | X13: =CORREL(J:J,F:F) -> 0.16514795
... A278: 277 | B278: 40878 | C278: 1 | D278: 0 | E278: 1 | F278: 23 | G278: FALSE | H278: 3 | I278: 1 | J278: 0.14 | K278: =IF(H278=0,"weekend",IF(H278=6,"weekend","weekend")) -> weekend | L278: =IF(C278=1,"Spring",IF(C278=2,"Summer",IF(C278=3,"Fall","Winter"))) -> Spring | M278: =SUM(J278:J302) -> 4.1 | N278: =AVERAGE(J278:J887) -> 0.1851497 | O278: =COUNT(J278:J887) -> 334 | P278: =TEXT(J278,"0.00") -> 0.14 | Q278: =LEFT(L278,3) -> Spr | R278: =RIGHT(L278,3) -> ing | S278: =LEN(L278) -> 6 | T278: =A278&"|"&B278&"|"&F278 -> 277|40878|23 | U278: =COUNTIF(K:K,"weekend") -> 610 | V278: =SUMIF($K:$K,"weekend",$J:$J) -> 120.1 | W278: =STDEV($J:$J) -> 0.081303845 | X278: =CORREL(J:J,F:F) -> 0.16514795
A279: 278 | B279: 13-01-2011 | C279: 1 | D279: 0 | E279: 1 | F279: 0 | G279: FALSE | H279: 4 | I279: 1 | J279: 0.14 | K279: =IF(H279=0,"weekend",IF(H279=6,"weekend","weekend")) -> weekend | L279: =IF(C279=1,"Spring",IF(C279=2,"Summer",IF(C279=3,"Fall","Winter"))) -> Spring | M279: =SUM(J279:J303) -> 4.08 | N279: =AVERAGE(J279:J888) -> 0.18528529 | O279: =COUNT(J279:J888) -> 333 | P279: =TEXT(J279,"0.00") -> 0.14 | Q279: =LEFT(L279,3) -> Spr | R279: =RIGHT(L279,3) -> ing | S279: =LEN(L279) -> 6 | T279: =A279&"|"&B279&"|"&F279 -> 278|13-01-2011|0 | U279: =COUNTIF(K:K,"weekend") -> 610 | V279: =SUMIF($K:$K,"weekend",$J:$J) -> 120.1 | W279: =STDEV($J:$J) -> 0.081303845 | X279: =CORREL(J:J,F:F) -> 0.16514795
A280: 279 | B280: 13-01-2011 | C280: 1 | D280: 0 | E280: 1 | F280: 1 | G280: FALSE | H280: 4 | I280: 1 | J280: 0.14 | K280: =IF(H280=0,"weekend",IF(H280=6,"weekend","weekend")) -> weekend | L280: =IF(C280=1,"Spring",IF(C280=2,"Summer",IF(C280=3,"Fall","Winter"))) -> Spring | M280: =SUM(J280:J304) -> 4.04 | N280: =AVERAGE(J280:J889) -> 0.18542169 | O280: =COUNT(J280:J889) -> 332 | P280: =TEXT(J280,"0.00") -> 0.14 | Q280: =LEFT(L280,3) -> Spr | R280: =RIGHT(L280,3) -> ing | S280: =LEN(L280) -> 6 | T280: =A280&"|"&B280&"|"&F280 -> 279|13-01-2011|1 | U280: =COUNTIF(K:K,"weekend") -> 610 | V280: =SUMIF($K:$K,"weekend",$J:$J) -> 120.1 | W280: =STDEV($J:$J) -> 0.081303845 | X280: =CORREL(J:J,F:F) -> 0.16514795
A281: 280 | B281: 13-01-2011 | C281: 1 | D281: 0 | E281: 1 | F281: 2 | G281: FALSE | H281: 4 | I281: 1 | J281: 0.14 | K281: =IF(H281=0,"weekend",IF(H281=6,"weekend","weekend")) -> weekend | L281: =IF(C281=1,"Spring",IF(C281=2,"Summer",IF(C281=3,"Fall","Winter"))) -> Spring | M281: =SUM(J281:J305) -> 4 | N281: =AVERAGE(J281:J890) -> 0.18555891 | O281: =COUNT(J281:J890) -> 331 | P281: =TEXT(J281,"0.00") -> 0.14 | Q281: =LEFT(L281,3) -> Spr | R281: =RIGHT(L281,3) -> ing | S281: =LEN(L281) -> 6 | T281: =A281&"|"&B281&"|"&F281 -> 280|13-01-2011|2 | U281: =COUNTIF(K:K,"weekend") -> 610 | V281: =SUMIF($K:$K,"weekend",$J:$J) -> 120.1 | W281: =STDEV($J:$J) -> 0.081303845 | X281: =CORREL(J:J,F:F) -> 0.16514795
A282: 281 | B282: 13-01-2011 | C282: 1 | D282: 0 | E282: 1 | F282: 3 | G282: FALSE | H282: 4 | I282: 1 | J282: 0.14 | K282: =IF(H282=0,"weekend",IF(H282=6,"weekend","weekend")) -> weekend | L282: =IF(C282=1,"Spring",IF(C282=2,"Summer",IF(C282=3,"Fall","Winter"))) -> Spring | M282: =SUM(J282:J306) -> 3.96 | N282: =AVERAGE(J282:J891) -> 0.18569697 | O282: =COUNT(J282:J891) -> 330 | P282: =TEXT(J282,"0.00") -> 0.14 | Q282: =LEFT(L282,3) -> Spr | R282: =RIGHT(L282,3) -> ing | S282: =LEN(L282) -> 6 | T282: =A282&"|"&B282&"|"&F282 -> 281|13-01-2011|3 | U282: =COUNTIF(K:K,"weekend") -> 610 | V282: =SUMIF($K:$K,"weekend",$J:$J) -> 120.1 | W282: =STDEV($J:$J) -> 0.081303845 | X282: =CORREL(J:J,F:F) -> 0.16514795
A283: 282 | B283: 13-01-2011 | C283: 1 | D283: 0 | E283: 1 | F283: 4 | G283: FALSE | H283: 4 | I283: 1 | J283: 0.14 | K283: =IF(H283=0,"weekend",IF(H283=6,"weekend","weekend")) -> weekend | L283: =IF(C283=1,"Spring",IF(C283=2,"Summer",IF(C283=3,"Fall","Winter"))) -> Spring | M283: =SUM(J283:J307) -> 3.92 | N283: =AVERAGE(J283:J892) -> 0.18583587 | O283: =COUNT(J283:J892) -> 329 | P283: =TEXT(J283,"0.00") -> 0.14 | Q283: =LEFT(L283,3) -> Spr | R283: =RIGHT(L283,3) -> ing | S283: =LEN(L283) -> 6 | T283: =A283&"|"&B283&"|"&F283 -> 282|13-01-2011|4 | U283: =COUNTIF(K:K,"weekend") -> 610 | V283: =SUMIF($K:$K,"weekend",$J:$J) -> 120.1 | W283: =STDEV($J:$J) -> 0.081303845 | X283: =CORREL(J:J,F:F) -> 0.16514795
A284: 283 | B284: 13-01-2011 | C284: 1 | D284: 0 | E284: 1 | F284: 5 | G284: FALSE | H284: 4 | I284: 1 | J284: 0.14 | K284: =IF(H284=0,"weekend",IF(H284=6,"weekend","weekend")) -> weekend | L284: =IF(C284=1,"Spring",IF(C284=2,"Summer",IF(C284=3,"Fall","Winter"))) -> Spring | M284: =SUM(J284:J308) -> 3.88 | N284: =AVERAGE(J284:J893) -> 0.18597561 | O284: =COUNT(J284:J893) -> 328 | P284: =TEXT(J284,"0.00") -> 0.14 | Q284: =LEFT(L284,3) -> Spr | R284: =RIGHT(L284,3) -> ing | S284: =LEN(L284) -> 6 | T284: =A284&"|"&B284&"|"&F284 -> 283|13-01-2011|5 | U284: =COUNTIF(K:K,"weekend") -> 610 | V284: =SUMIF($K:$K,"weekend",$J:$J) -> 120.1 | W284: =STDEV($J:$J) -> 0.081303845 | X284: =CORREL(J:J,F:F) -> 0.16514795
A285: 284 | B285: 13-01-2011 | C285: 1 | D285: 0 | E285: 1 | F285: 6 | G285: FALSE | H285: 4 | I285: 1 | J285: 0.12 | K285: =IF(H285=0,"weekend",IF(H285=6,"weekend","weekend")) -> weekend | L285: =IF(C285=1,"Spring",IF(C285=2,"Summer",IF(C285=3,"Fall","Winter"))) -> Spring | M285: =SUM(J285:J309) -> 3.84 | N285: =AVERAGE(J285:J894) -> 0.18611621 | O285: =COUNT(J285:J894) -> 327 | P285: =TEXT(J285,"0.00") -> 0.12 | Q285: =LEFT(L285,3) -> Spr | R285: =RIGHT(L285,3) -> ing | S285: =LEN(L285) -> 6 | T285: =A285&"|"&B285&"|"&F285 -> 284|13-01-2011|6 | U285: =COUNTIF(K:K,"weekend") -> 610 | V285: =SUMIF($K:$K,"weekend",$J:$J) -> 120.1 | W285: =STDEV($J:$J) -> 0.081303845 | X285: =CORREL(J:J,F:F) -> 0.16514795
A286: 285 | B286: 13-01-2011 | C286: 1 | D286: 0 | E286: 1 | F286: 7 | G286: FALSE | H286: 4 | I286: 1 | J286: 0.12 | K286: =IF(H286=0,"weekend",IF(H286=6,"weekend","weekend")) -> weekend | L286: =IF(C286=1,"Spring",IF(C286=2,"Summer",IF(C286=3,"Fall","Winter"))) -> Spring | M286: =SUM(J286:J310) -> 3.84 | N286: =AVERAGE(J286:J895) -> 0.18631902 | O286: =COUNT(J286:J895) -> 326 | P286: =TEXT(J286,"0.00") -> 0.12 | Q286: =LEFT(L286,3) -> Spr | R286: =RIGHT(L286,3) -> ing | S286: =LEN(L286) -> 6 | T286: =A286&"|"&B286&"|"&F286 -> 285|13-01-2011|7 | U286: =COUNTIF(K:K,"weekend") -> 610 | V286: =SUMIF($K:$K,"weekend",$J:$J) -> 120.1 | W286: =STDEV($J:$J) -> 0.081303845 | X286: =CORREL(J:J,F:F) -> 0.16514795
A287: 286 | B287: 13-01-2011 | C287: 1 | D287: 0 | E287: 1 | F287: 8 | G287: FALSE | H287: 4 | I287: 1 | J287: 0.14 | K287: =IF(H287=0,"weekend",IF(H287=6,"weekend","weekend")) -> weekend | L287: =IF(C287=1,"Spring",IF(C287=2,"Summer",IF(C287=3,"Fall","Winter"))) -> Spring | M287: =SUM(J287:J311) -> 3.86 | N287: =AVERAGE(J287:J896) -> 0.18652308 | O287: =COUNT(J287:J896) -> 325 | P287: =TEXT(J287,"0.00") -> 0.14 | Q287: =LEFT(L287,3) -> Spr | R287: =RIGHT(L287,3) -> ing | S287: =LEN(L287) -> 6 | T287: =A287&"|"&B287&"|"&F287 -> 286|13-01-2011|8 | U287: =COUNTIF(K:K,"weekend") -> 610 | V287: =SUMIF($K:$K,"weekend",$J:$J) -> 120.1 | W287: =STDEV($J:$J) -> 0.081303845 | X287: =CORREL(J:J,F:F) -> 0.16514795
A288: 287 | B288: 13-01-2011 | C288: 1 | D288: 0 | E288: 1 | F288: 9 | G288: FALSE | H288: 4 | I288: 1 | J288: 0.14 | K288: =IF(H288=0,"weekend",IF(H288=6,"weekend","weekend")) -> weekend | L288: =IF(C288=1,"Spring",IF(C288=2,"Summer",IF(C288=3,"Fall","Winter"))) -> Spring | M288: =SUM(J288:J312) -> 3.9 | N288: =AVERAGE(J288:J897) -> 0.18666667 | O288: =COUNT(J288:J897) -> 324 | P288: =TEXT(J288,"0.00") -> 0.14 | Q288: =LEFT(L288,3) -> Spr | R288: =RIGHT(L288,3) -> ing | S288: =LEN(L288) -> 6 | T288: =A288&"|"&B288&"|"&F288 -> 287|13-01-2011|9 | U288: =COUNTIF(K:K,"weekend") -> 610 | V288: =SUMIF($K:$K,"weekend",$J:$J) -> 120.1 | W288: =STDEV($J:$J) -> 0.081303845 | X288: =CORREL(J:J,F:F) -> 0.16514795
A289: 288 | B289: 13-01-2011 | C289: 1 | D289: 0 | E289: 1 | F289: 10 | G289: FALSE | H289: 4 | I289: 2 | J289: 0.16 | K289: =IF(H289=0,"weekend",IF(H289=6,"weekend","weekend")) -> weekend | L289: =IF(C289=1,"Spring",IF(C289=2,"Summer",IF(C289=3,"Fall","Winter"))) -> Spring | M289: =SUM(J289:J313) -> 3.94 | N289: =AVERAGE(J289:J898) -> 0.18681115 | O289: =COUNT(J289:J898) -> 323 | P289: =TEXT(J289,"0.00") -> 0.16 | Q289: =LEFT(L289,3) -> Spr | R289: =RIGHT(L289,3) -> ing | S289: =LEN(L289) -> 6 | T289: =A289&"|"&B289&"|"&F289 -> 288|13-01-2011|10 | U289: =COUNTIF(K:K,"weekend") -> 610 | V289: =SUMIF($K:$K,"weekend",$J:$J) -> 120.1 | W289: =STDEV($J:$J) -> 0.081303845 | X289: =CORREL(J:J,F:F) -> 0.16514795
A290: 289 | B290: 13-01-2011 | C290: 1 | D290: 0 | E290: 1 | F290: 11 | G290: FALSE | H290: 4 | I290: 2 | J290: 0.2 | K290: =IF(H290=0,"weekend",IF(H290=6,"weekend","weekend")) -> weekend | L290: =IF(C290=1,"Spring",IF(C290=2,"Summer",IF(C290=3,"Fall","Winter"))) -> Spring | M290: =SUM(J290:J314) -> 3.98 | N290: =AVERAGE(J290:J899) -> 0.18689441 | O290: =COUNT(J290:J899) -> 322 | P290: =TEXT(J290,"0.00") -> 0.20 | Q290: =LEFT(L290,3) -> Spr | R290: =RIGHT(L290,3) -> ing | S290: =LEN(L290) -> 6 | T290: =A290&"|"&B290&"|"&F290 -> 289|13-01-2011|11 | U290: =COUNTIF(K:K,"weekend") -> 610 | V290: =SUMIF($K:$K,"weekend",$J:$J) -> 120.1 | W290: =STDEV($J:$J) -> 0.081303845 | X290: =CORREL(J:J,F:F) -> 0.16514795
... A611: 610 | B611: 28-01-2011 | C611: 1 | D611: 0 | E611: 1 | F611: 15 | G611: FALSE | H611: 5 | I611: 2 | J611: 0.2 | K611: =IF(H611=0,"weekend",IF(H611=6,"weekend","weekend")) -> weekend | L611: =IF(C611=1,"Spring",IF(C611=2,"Summer",IF(C611=3,"Fall","Winter"))) -> Spring | M611: =SUM(J611:J635) -> 0.2 | N611: =AVERAGE(J611:J1220) -> 0.2 | O611: =COUNT(J611:J1220) -> 1 | P611: =TEXT(J611,"0.00") -> 0.20 | Q611: =LEFT(L611,3) -> Spr | R611: =RIGHT(L611,3) -> ing | S611: =LEN(L611) -> 6 | T611: =A611&"|"&B611&"|"&F611 -> 610|28-01-2011|15 | U611: =COUNTIF(K:K,"weekend") -> 610 | V611: =SUMIF($K:$K,"weekend",$J:$J) -> 120.1 | W611: =STDEV($J:$J) -> 0.081303845 | X611: =CORREL(J:J,F:F) -> 0.16514795

Sheet Sheet1
A1: instant | B1: dteday | C1: season | D1: yr | E1: mnth | F1: hr | G1: holiday | H1: weekday | I1: weathersit | J1: temp | K1: DayType | L1: SeasonName | M1: Total temp | N1: Avg Temp | O1: Weekend Count | P1: Temp in text | Q1: Left Text | R1: Right Text | S1: Text lenght | T1: Column1 | U1: Column2 | V1: atmp | W1: Hum | X1: cnt
A2: 1 | B2: 40544 | C2: 1 | D2: 0 | E2: 1 | F2: 0 | G2: FALSE | H2: 6 | I2: 1 | J2: 0.24 | K2: =IF(H2=0,"weekend",IF(H2=6,"weekend","weekend")) -> weekend | L2: =IF(C2=1,"Spring",IF(C2=2,"Summer",IF(C2=3,"Fall","Winter"))) -> Spring | M2: =SUM(J2:J26) -> 8.72 | N2: =AVERAGE(J2:J611) -> 0.19688525 | O2: =COUNT(J2:J611) -> 610 | P2: =TEXT(J2,"0.00") -> 0.24 | Q2: =LEFT(L2,3) -> Spr | R2: =RIGHT(L2,3) -> ing | S2: =LEN(L2) -> 6 | T2: =A2&"|"&B2&"|"&F2 -> 1|40544|0 | V2: =VLOOKUP(A2,Sheet2!A:H,3,FALSE) -> 0.2727 | W2: =VLOOKUP(A2,Sheet2!A:H,4,FALSE) -> 0.8 | X2: =VLOOKUP(A2,Sheet2!A:H,7,FALSE) -> 32
A3: 2 | B3: 40544 | C3: 1 | D3: 0 | E3: 1 | F3: 1 | G3: FALSE | H3: 6 | I3: 1 | J3: 0.22 | K3: =IF(H3=0,"weekend",IF(H3=6,"weekend","weekend")) -> weekend | L3: =IF(C3=1,"Spring",IF(C3=2,"Summer",IF(C3=3,"Fall","Winter"))) -> Spring | M3: =SUM(J3:J27) -> 8.92 | N3: =AVERAGE(J3:J612) -> 0.19681445 | O3: =COUNT(J3:J612) -> 609 | P3: =TEXT(J3,"0.00") -> 0.22 | Q3: =LEFT(L3,3) -> Spr | R3: =RIGHT(L3,3) -> ing | S3: =LEN(L3) -> 6 | T3: =A3&"|"&B3&"|"&F3 -> 2|40544|1 | V3: =VLOOKUP(A3,Sheet2!A:H,3,FALSE) -> 0.2727 | W3: =VLOOKUP(A3,Sheet2!A:H,4,FALSE) -> 0.8 | X3: =VLOOKUP(A3,Sheet2!A:H,7,FALSE) -> 27
A4: 3 | B4: 40544 | C4: 1 | D4: 0 | E4: 1 | F4: 2 | G4: FALSE | H4: 6 | I4: 1 | J4: 0.22 | K4: =IF(H4=0,"weekend",IF(H4=6,"weekend","weekend")) -> weekend | L4: =IF(C4=1,"Spring",IF(C4=2,"Summer",IF(C4=3,"Fall","Winter"))) -> Spring | M4: =SUM(J4:J28) -> 9.12 | N4: =AVERAGE(J4:J613) -> 0.19677632 | O4: =COUNT(J4:J613) -> 608 | P4: =TEXT(J4,"0.00") -> 0.22 | Q4: =LEFT(L4,3) -> Spr | R4: =RIGHT(L4,3) -> ing | S4: =LEN(L4) -> 6 | T4: =A4&"|"&B4&"|"&F4 -> 3|40544|2 | V4: =VLOOKUP(A4,Sheet2!A:H,3,FALSE) -> 0.2879 | W4: =VLOOKUP(A4,Sheet2!A:H,4,FALSE) -> 0.75 | X4: =VLOOKUP(A4,Sheet2!A:H,7,FALSE) -> 10
A5: 4 | B5: 40544 | C5: 1 | D5: 0 | E5: 1 | F5: 3 | G5: FALSE | H5: 6 | I5: 1 | J5: 0.24 | K5: =IF(H5=0,"weekend",IF(H5=6,"weekend","weekend")) -> weekend | L5: =IF(C5=1,"Spring",IF(C5=2,"Summer",IF(C5=3,"Fall","Winter"))) -> Spring | M5: =SUM(J5:J29) -> 9.36 | N5: =AVERAGE(J5:J614) -> 0.19673806 | O5: =COUNT(J5:J614) -> 607 | P5: =TEXT(J5,"0.00") -> 0.24 | Q5: =LEFT(L5,3) -> Spr | R5: =RIGHT(L5,3) -> ing | S5: =LEN(L5) -> 6 | T5: =A5&"|"&B5&"|"&F5 -> 4|40544|3 | V5: =VLOOKUP(A5,Sheet2!A:H,3,FALSE) -> 0.2879 | W5: =VLOOKUP(A5,Sheet2!A:H,4,FALSE) -> 0.75 | X5: =VLOOKUP(A5,Sheet2!A:H,7,FALSE) -> 1
A6: 5 | B6: 40544 | C6: 1 | D6: 0 | E6: 1 | F6: 4 | G6: FALSE | H6: 6 | I6: 1 | J6: 0.24 | K6: =IF(H6=0,"weekend",IF(H6=6,"weekend","weekend")) -> weekend | L6: =IF(C6=1,"Spring",IF(C6=2,"Summer",IF(C6=3,"Fall","Winter"))) -> Spring | M6: =SUM(J6:J30) -> 9.58 | N6: =AVERAGE(J6:J615) -> 0.19666667 | O6: =COUNT(J6:J615) -> 606 | P6: =TEXT(J6,"0.00") -> 0.24 | Q6: =LEFT(L6,3) -> Spr | R6: =RIGHT(L6,3) -> ing | S6: =LEN(L6) -> 6 | T6: =A6&"|"&B6&"|"&F6 -> 5|40544|4 | V6: =VLOOKUP(A6,Sheet2!A:H,3,FALSE) -> 0.2576 | W6: =VLOOKUP(A6,Sheet2!A:H,4,FALSE) -> 0.75 | X6: =VLOOKUP(A6,Sheet2!A:H,7,FALSE) -> 1
A7: 6 | B7: 40544 | C7: 1 | D7: 0 | E7: 1 | F7: 5 | G7: FALSE | H7: 6 | I7: 2 | J7: 0.24 | K7: =IF(H7=0,"weekend",IF(H7=6,"weekend","weekend")) -> weekend | L7: =IF(C7=1,"Spring",IF(C7=2,"Summer",IF(C7=3,"Fall","Winter"))) -> Spring | M7: =SUM(J7:J31) -> 9.76 | N7: =AVERAGE(J7:J616) -> 0.19659504 | O7: =COUNT(J7:J616) -> 605 | P7: =TEXT(J7,"0.00") -> 0.24 | Q7: =LEFT(L7,3) -> Spr | R7: =RIGHT(L7,3) -> ing | S7: =LEN(L7) -> 6 | T7: =A7&"|"&B7&"|"&F7 -> 6|40544|5 | V7: =VLOOKUP(A7,Sheet2!A:H,3,FALSE) -> 0.2727 | W7: =VLOOKUP(A7,Sheet2!A:H,4,FALSE) -> 0.8 | X7: =VLOOKUP(A7,Sheet2!A:H,7,FALSE) -> 0
A8: 7 | B8: 40544 | C8: 1 | D8: 0 | E8: 1 | F8: 6 | G8: FALSE | H8: 6 | I8: 1 | J8: 0.22 | K8: =IF(H8=0,"weekend",IF(H8=6,"weekend","weekend")) -> weekend | L8: =IF(C8=1,"Spring",IF(C8=2,"Summer",IF(C8=3,"Fall","Winter"))) -> Spring | M8: =SUM(J8:J32) -> 9.92 | N8: =AVERAGE(J8:J617) -> 0.19652318 | O8: =COUNT(J8:J617) -> 604 | P8: =TEXT(J8,"0.00") -> 0.22 | Q8: =LEFT(L8,3) -> Spr | R8: =RIGHT(L8,3) -> ing | S8: =LEN(L8) -> 6 | T8: =A8&"|"&B8&"|"&F8 -> 7|40544|6 | V8: =VLOOKUP(A8,Sheet2!A:H,3,FALSE) -> 0.2576 | W8: =VLOOKUP(A8,Sheet2!A:H,4,FALSE) -> 0.86 | X8: =VLOOKUP(A8,Sheet2!A:H,7,FALSE) -> 2
A9: 8 | B9: 40544 | C9: 1 | D9: 0 | E9: 1 | F9: 7 | G9: FALSE | H9: 6 | I9: 1 | J9: 0.2 | K9: =IF(H9=0,"weekend",IF(H9=6,"weekend","weekend")) -> weekend | L9: =IF(C9=1,"Spring",IF(C9=2,"Summer",IF(C9=3,"Fall","Winter"))) -> Spring | M9: =SUM(J9:J33) -> 10.1 | N9: =AVERAGE(J9:J618) -> 0.19648425 | O9: =COUNT(J9:J618) -> 603 | P9: =TEXT(J9,"0.00") -> 0.20 | Q9: =LEFT(L9,3) -> Spr | R9: =RIGHT(L9,3) -> ing | S9: =LEN(L9) -> 6 | T9: =A9&"|"&B9&"|"&F9 -> 8|40544|7 | V9: =VLOOKUP(A9,Sheet2!A:H,3,FALSE) -> 0 | W9: =VLOOKUP(A9,Sheet2!A:H,4,FALSE) -> 0.75 | X9: =VLOOKUP(A9,Sheet2!A:H,7,FALSE) -> 7
A10: 9 | B10: 40544 | C10: 1 | D10: 0 | E10: 1 | F10: 8 | G10: FALSE | H10: 6 | I10: 1 | J10: 0.24 | K10: =IF(H10=0,"weekend",IF(H10=6,"weekend","weekend")) -> weekend | L10: =IF(C10=1,"Spring",IF(C10=2,"Summer",IF(C10=3,"Fall","Winter"))) -> Spring | M10: =SUM(J10:J34) -> 10.28 | N10: =AVERAGE(J10:J619) -> 0.19647841 | O10: =COUNT(J10:J619) -> 602 | P10: =TEXT(J10,"0.00") -> 0.24 | Q10: =LEFT(L10,3) -> Spr | R10: =RIGHT(L10,3) -> ing | S10: =LEN(L10) -> 6 | T10: =A10&"|"&B10&"|"&F10 -> 9|40544|8 | V10: =VLOOKUP(A10,Sheet2!A:H,3,FALSE) -> 0.3485 | W10: =VLOOKUP(A10,Sheet2!A:H,4,FALSE) -> 0.76 | X10: =VLOOKUP(A10,Sheet2!A:H,7,FALSE) -> 6
A11: 10 | B11: 40544 | C11: 1 | D11: 0 | E11: 1 | F11: 9 | G11: FALSE | H11: 6 | I11: 1 | J11: 0.32 | K11: =IF(H11=0,"weekend",IF(H11=6,"weekend","weekend")) -> weekend | L11: =IF(C11=1,"Spring",IF(C11=2,"Summer",IF(C11=3,"Fall","Winter"))) -> Spring | M11: =SUM(J11:J35) -> 10.4 | N11: =AVERAGE(J11:J620) -> 0.19640599 | O11: =COUNT(J11:J620) -> 601 | P11: =TEXT(J11,"0.00") -> 0.32 | Q11: =LEFT(L11,3) -> Spr | R11: =RIGHT(L11,3) -> ing | S11: =LEN(L11) -> 6 | T11: =A11&"|"&B11&"|"&F11 -> 10|40544|9 | V11: =VLOOKUP(A11,Sheet2!A:H,3,FALSE) -> 0.3939 | W11: =VLOOKUP(A11,Sheet2!A:H,4,FALSE) -> 0.76 | X11: =VLOOKUP(A11,Sheet2!A:H,7,FALSE) -> 24
A12: 11 | B12: 40544 | C12: 1 | D12: 0 | E12: 1 | F12: 10 | G12: FALSE | H12: 6 | I12: 1 | J12: 0.38 | K12: =IF(H12=0,"weekend",IF(H12=6,"weekend","weekend")) -> weekend | L12: =IF(C12=1,"Spring",IF(C12=2,"Summer",IF(C12=3,"Fall","Winter"))) -> Spring | M12: =SUM(J12:J36) -> 10.44 | N12: =AVERAGE(J12:J621) -> 0.1962 | O12: =COUNT(J12:J621) -> 600 | P12: =TEXT(J12,"0.00") -> 0.38 | Q12: =LEFT(L12,3) -> Spr | R12: =RIGHT(L12,3) -> ing | S12: =LEN(L12) -> 6 | T12: =A12&"|"&B12&"|"&F12 -> 11|40544|10 | V12: =VLOOKUP(A12,Sheet2!A:H,3,FALSE) -> 0.3333 | W12: =VLOOKUP(A12,Sheet2!A:H,4,FALSE) -> 0.81 | X12: =VLOOKUP(A12,Sheet2!A:H,7,FALSE) -> 30
A13: 12 | B13: 40544 | C13: 1 | D13: 0 | E13: 1 | F13: 11 | G13: FALSE | H13: 6 | I13: 1 | J13: 0.36 | K13: =IF(H13=0,"weekend",IF(H13=6,"weekend","weekend")) -> weekend | L13: =IF(C13=1,"Spring",IF(C13=2,"Summer",IF(C13=3,"Fall","Winter"))) -> Spring | M13: =SUM(J13:J37) -> 10.42 | N13: =AVERAGE(J13:J622) -> 0.19589316 | O13: =COUNT(J13:J622) -> 599 | P13: =TEXT(J13,"0.00") -> 0.36 | Q13: =LEFT(L13,3) -> Spr | R13: =RIGHT(L13,3) -> ing | S13: =LEN(L13) -> 6 | T13: =A13&"|"&B13&"|"&F13 -> 12|40544|11 | V13: =VLOOKUP(A13,Sheet2!A:H,3,FALSE) -> 0.4242 | W13: =VLOOKUP(A13,Sheet2!A:H,4,FALSE) -> 0.77 | X13: =VLOOKUP(A13,Sheet2!A:H,7,FALSE) -> 55
... A278: 277 | B278: 40878 | C278: 1 | D278: 0 | E278: 1 | F278: 23 | G278: FALSE | H278: 3 | I278: 1 | J278: 0.14 | K278: =IF(H278=0,"weekend",IF(H278=6,"weekend","weekend")) -> weekend | L278: =IF(C278=1,"Spring",IF(C278=2,"Summer",IF(C278=3,"Fall","Winter"))) -> Spring | M278: =SUM(J278:J302) -> 4.1 | N278: =AVERAGE(J278:J887) -> 0.1851497 | O278: =COUNT(J278:J887) -> 334 | P278: =TEXT(J278,"0.00") -> 0.14 | Q278: =LEFT(L278,3) -> Spr | R278: =RIGHT(L278,3) -> ing | S278: =LEN(L278) -> 6 | T278: =A278&"|"&B278&"|"&F278 -> 277|40878|23 | V278: =VLOOKUP(A278,Sheet2!A:H,3,FALSE) -> 0.1212 | W278: =VLOOKUP(A278,Sheet2!A:H,4,FALSE) -> 0.59 | X278: =VLOOKUP(A278,Sheet2!A:H,7,FALSE) -> 6
A279: 278 | B279: 13-01-2011 | C279: 1 | D279: 0 | E279: 1 | F279: 0 | G279: FALSE | H279: 4 | I279: 1 | J279: 0.14 | K279: =IF(H279=0,"weekend",IF(H279=6,"weekend","weekend")) -> weekend | L279: =IF(C279=1,"Spring",IF(C279=2,"Summer",IF(C279=3,"Fall","Winter"))) -> Spring | M279: =SUM(J279:J303) -> 4.08 | N279: =AVERAGE(J279:J888) -> 0.18528529 | O279: =COUNT(J279:J888) -> 333 | P279: =TEXT(J279,"0.00") -> 0.14 | Q279: =LEFT(L279,3) -> Spr | R279: =RIGHT(L279,3) -> ing | S279: =LEN(L279) -> 6 | T279: =A279&"|"&B279&"|"&F279 -> 278|13-01-2011|0 | V279: =VLOOKUP(A279,Sheet2!A:H,3,FALSE) -> 0.1212 | W279: =VLOOKUP(A279,Sheet2!A:H,4,FALSE) -> 0.5 | X279: =VLOOKUP(A279,Sheet2!A:H,7,FALSE) -> 2
A280: 279 | B280: 13-01-2011 | C280: 1 | D280: 0 | E280: 1 | F280: 1 | G280: FALSE | H280: 4 | I280: 1 | J280: 0.14 | K280: =IF(H280=0,"weekend",IF(H280=6,"weekend","weekend")) -> weekend | L280: =IF(C280=1,"Spring",IF(C280=2,"Summer",IF(C280=3,"Fall","Winter"))) -> Spring | M280: =SUM(J280:J304) -> 4.04 | N280: =AVERAGE(J280:J889) -> 0.18542169 | O280: =COUNT(J280:J889) -> 332 | P280: =TEXT(J280,"0.00") -> 0.14 | Q280: =LEFT(L280,3) -> Spr | R280: =RIGHT(L280,3) -> ing | S280: =LEN(L280) -> 6 | T280: =A280&"|"&B280&"|"&F280 -> 279|13-01-2011|1 | V280: =VLOOKUP(A280,Sheet2!A:H,3,FALSE) -> 0.1212 | W280: =VLOOKUP(A280,Sheet2!A:H,4,FALSE) -> 0.5 | X280: =VLOOKUP(A280,Sheet2!A:H,7,FALSE) -> 2
A281: 280 | B281: 13-01-2011 | C281: 1 | D281: 0 | E281: 1 | F281: 2 | G281: FALSE | H281: 4 | I281: 1 | J281: 0.14 | K281: =IF(H281=0,"weekend",IF(H281=6,"weekend","weekend")) -> weekend | L281: =IF(C281=1,"Spring",IF(C281=2,"Summer",IF(C281=3,"Fall","Winter"))) -> Spring | M281: =SUM(J281:J305) -> 4 | N281: =AVERAGE(J281:J890) -> 0.18555891 | O281: =COUNT(J281:J890) -> 331 | P281: =TEXT(J281,"0.00") -> 0.14 | Q281: =LEFT(L281,3) -> Spr | R281: =RIGHT(L281,3) -> ing | S281: =LEN(L281) -> 6 | T281: =A281&"|"&B281&"|"&F281 -> 280|13-01-2011|2 | V281: =VLOOKUP(A281,Sheet2!A:H,3,FALSE) -> 0.1212 | W281: =VLOOKUP(A281,Sheet2!A:H,4,FALSE) -> 0.5 | X281: =VLOOKUP(A281,Sheet2!A:H,7,FALSE) -> 3
A282: 281 | B282: 13-01-2011 | C282: 1 | D282: 0 | E282: 1 | F282: 3 | G282: FALSE | H282: 4 | I282: 1 | J282: 0.14 | K282: =IF(H282=0,"weekend",IF(H282=6,"weekend","weekend")) -> weekend | L282: =IF(C282=1,"Spring",IF(C282=2,"Summer",IF(C282=3,"Fall","Winter"))) -> Spring | M282: =SUM(J282:J306) -> 3.96 | N282: =AVERAGE(J282:J891) -> 0.18569697 | O282: =COUNT(J282:J891) -> 330 | P282: =TEXT(J282,"0.00") -> 0.14 | Q282: =LEFT(L282,3) -> Spr | R282: =RIGHT(L282,3) -> ing | S282: =LEN(L282) -> 6 | T282: =A282&"|"&B282&"|"&F282 -> 281|13-01-2011|3 | V282: =VLOOKUP(A282,Sheet2!A:H,3,FALSE) -> 0.1212 | W282: =VLOOKUP(A282,Sheet2!A:H,4,FALSE) -> 0.5 | X282: =VLOOKUP(A282,Sheet2!A:H,7,FALSE) -> 4
A283: 282 | B283: 13-01-2011 | C283: 1 | D283: 0 | E283: 1 | F283: 4 | G283: FALSE | H283: 4 | I283: 1 | J283: 0.14 | K283: =IF(H283=0,"weekend",IF(H283=6,"weekend","weekend")) -> weekend | L283: =IF(C283=1,"Spring",IF(C283=2,"Summer",IF(C283=3,"Fall","Winter"))) -> Spring | M283: =SUM(J283:J307) -> 3.92 | N283: =AVERAGE(J283:J892) -> 0.18583587 | O283: =COUNT(J283:J892) -> 329 | P283: =TEXT(J283,"0.00") -> 0.14 | Q283: =LEFT(L283,3) -> Spr | R283: =RIGHT(L283,3) -> ing | S283: =LEN(L283) -> 6 | T283: =A283&"|"&B283&"|"&F283 -> 282|13-01-2011|4 | V283: =VLOOKUP(A283,Sheet2!A:H,3,FALSE) -> 0.1212 | W283: =VLOOKUP(A283,Sheet2!A:H,4,FALSE) -> 0.5 | X283: =VLOOKUP(A283,Sheet2!A:H,7,FALSE) -> 3
A284: 283 | B284: 13-01-2011 | C284: 1 | D284: 0 | E284: 1 | F284: 5 | G284: FALSE | H284: 4 | I284: 1 | J284: 0.14 | K284: =IF(H284=0,"weekend",IF(H284=6,"weekend","weekend")) -> weekend | L284: =IF(C284=1,"Spring",IF(C284=2,"Summer",IF(C284=3,"Fall","Winter"))) -> Spring | M284: =SUM(J284:J308) -> 3.88 | N284: =AVERAGE(J284:J893) -> 0.18597561 | O284: =COUNT(J284:J893) -> 328 | P284: =TEXT(J284,"0.00") -> 0.14 | Q284: =LEFT(L284,3) -> Spr | R284: =RIGHT(L284,3) -> ing | S284: =LEN(L284) -> 6 | T284: =A284&"|"&B284&"|"&F284 -> 283|13-01-2011|5 | V284: =VLOOKUP(A284,Sheet2!A:H,3,FALSE) -> 0.1515 | W284: =VLOOKUP(A284,Sheet2!A:H,4,FALSE) -> 0.54 | X284: =VLOOKUP(A284,Sheet2!A:H,7,FALSE) -> 28
A285: 284 | B285: 13-01-2011 | C285: 1 | D285: 0 | E285: 1 | F285: 6 | G285: FALSE | H285: 4 | I285: 1 | J285: 0.12 | K285: =IF(H285=0,"weekend",IF(H285=6,"weekend","weekend")) -> weekend | L285: =IF(C285=1,"Spring",IF(C285=2,"Summer",IF(C285=3,"Fall","Winter"))) -> Spring | M285: =SUM(J285:J309) -> 3.84 | N285: =AVERAGE(J285:J894) -> 0.18611621 | O285: =COUNT(J285:J894) -> 327 | P285: =TEXT(J285,"0.00") -> 0.12 | Q285: =LEFT(L285,3) -> Spr | R285: =RIGHT(L285,3) -> ing | S285: =LEN(L285) -> 6 | T285: =A285&"|"&B285&"|"&F285 -> 284|13-01-2011|6 | V285: =VLOOKUP(A285,Sheet2!A:H,3,FALSE) -> 0.1515 | W285: =VLOOKUP(A285,Sheet2!A:H,4,FALSE) -> 0.54 | X285: =VLOOKUP(A285,Sheet2!A:H,7,FALSE) -> 72
A286: 285 | B286: 13-01-2011 | C286: 1 | D286: 0 | E286: 1 | F286: 7 | G286: FALSE | H286: 4 | I286: 1 | J286: 0.12 | K286: =IF(H286=0,"weekend",IF(H286=6,"weekend","weekend")) -> weekend | L286: =IF(C286=1,"Spring",IF(C286=2,"Summer",IF(C286=3,"Fall","Winter"))) -> Spring | M286: =SUM(J286:J310) -> 3.84 | N286: =AVERAGE(J286:J895) -> 0.18631902 | O286: =COUNT(J286:J895) -> 326 | P286: =TEXT(J286,"0.00") -> 0.12 | Q286: =LEFT(L286,3) -> Spr | R286: =RIGHT(L286,3) -> ing | S286: =LEN(L286) -> 6 | T286: =A286&"|"&B286&"|"&F286 -> 285|13-01-2011|7 | V286: =VLOOKUP(A286,Sheet2!A:H,3,FALSE) -> 0.1364 | W286: =VLOOKUP(A286,Sheet2!A:H,4,FALSE) -> 0.5 | X286: =VLOOKUP(A286,Sheet2!A:H,7,FALSE) -> 197
A287: 286 | B287: 13-01-2011 | C287: 1 | D287: 0 | E287: 1 | F287: 8 | G287: FALSE | H287: 4 | I287: 1 | J287: 0.14 | K287: =IF(H287=0,"weekend",IF(H287=6,"weekend","weekend")) -> weekend | L287: =IF(C287=1,"Spring",IF(C287=2,"Summer",IF(C287=3,"Fall","Winter"))) -> Spring | M287: =SUM(J287:J311) -> 3.86 | N287: =AVERAGE(J287:J896) -> 0.18652308 | O287: =COUNT(J287:J896) -> 325 | P287: =TEXT(J287,"0.00") -> 0.14 | Q287: =LEFT(L287,3) -> Spr | R287: =RIGHT(L287,3) -> ing | S287: =LEN(L287) -> 6 | T287: =A287&"|"&B287&"|"&F287 -> 286|13-01-2011|8 | V287: =VLOOKUP(A287,Sheet2!A:H,3,FALSE) -> 0.1212 | W287: =VLOOKUP(A287,Sheet2!A:H,4,FALSE) -> 0.5 | X287: =VLOOKUP(A287,Sheet2!A:H,7,FALSE) -> 137
A288: 287 | B288: 13-01-2011 | C288: 1 | D288: 0 | E288: 1 | F288: 9 | G288: FALSE | H288: 4 | I288: 1 | J288: 0.14 | K288: =IF(H288=0,"weekend",IF(H288=6,"weekend","weekend")) -> weekend | L288: =IF(C288=1,"Spring",IF(C288=2,"Summer",IF(C288=3,"Fall","Winter"))) -> Spring | M288: =SUM(J288:J312) -> 3.9 | N288: =AVERAGE(J288:J897) -> 0.18666667 | O288: =COUNT(J288:J897) -> 324 | P288: =TEXT(J288,"0.00") -> 0.14 | Q288: =LEFT(L288,3) -> Spr | R288: =RIGHT(L288,3) -> ing | S288: =LEN(L288) -> 6 | T288: =A288&"|"&B288&"|"&F288 -> 287|13-01-2011|9 | V288: =VLOOKUP(A288,Sheet2!A:H,3,FALSE) -> 0.1364 | W288: =VLOOKUP(A288,Sheet2!A:H,4,FALSE) -> 0.5 | X288: =VLOOKUP(A288,Sheet2!A:H,7,FALSE) -> 36
A289: 288 | B289: 13-01-2011 | C289: 1 | D289: 0 | E289: 1 | F289: 10 | G289: FALSE | H289: 4 | I289: 2 | J289: 0.16 | K289: =IF(H289=0,"weekend",IF(H289=6,"weekend","weekend")) -> weekend | L289: =IF(C289=1,"Spring",IF(C289=2,"Summer",IF(C289=3,"Fall","Winter"))) -> Spring | M289: =SUM(J289:J313) -> 3.94 | N289: =AVERAGE(J289:J898) -> 0.18681115 | O289: =COUNT(J289:J898) -> 323 | P289: =TEXT(J289,"0.00") -> 0.16 | Q289: =LEFT(L289,3) -> Spr | R289: =RIGHT(L289,3) -> ing | S289: =LEN(L289) -> 6 | T289: =A289&"|"&B289&"|"&F289 -> 288|13-01-2011|10 | V289: =VLOOKUP(A289,Sheet2!A:H,3,FALSE) -> 0.1667 | W289: =VLOOKUP(A289,Sheet2!A:H,4,FALSE) -> 0.44 | X289: =VLOOKUP(A289,Sheet2!A:H,7,FALSE) -> 33
A290: 289 | B290: 13-01-2011 | C290: 1 | D290: 0 | E290: 1 | F290: 11 | G290: FALSE | H290: 4 | I290: 2 | J290: 0.2 | K290: =IF(H290=0,"weekend",IF(H290=6,"weekend","weekend")) -> weekend | L290: =IF(C290=1,"Spring",IF(C290=2,"Summer",IF(C290=3,"Fall","Winter"))) -> Spring | M290: =SUM(J290:J314) -> 3.98 | N290: =AVERAGE(J290:J899) -> 0.18689441 | O290: =COUNT(J290:J899) -> 322 | P290: =TEXT(J290,"0.00") -> 0.20 | Q290: =LEFT(L290,3) -> Spr | R290: =RIGHT(L290,3) -> ing | S290: =LEN(L290) -> 6 | T290: =A290&"|"&B290&"|"&F290 -> 289|13-01-2011|11 | V290: =VLOOKUP(A290,Sheet2!A:H,3,FALSE) -> 0.1667 | W290: =VLOOKUP(A290,Sheet2!A:H,4,FALSE) -> 0.44 | X290: =VLOOKUP(A290,Sheet2!A:H,7,FALSE) -> 49
... A611: 610 | B611: 28-01-2011 | C611: 1 | D611: 0 | E611: 1 | F611: 15 | G611: FALSE | H611: 5 | I611: 2 | J611: 0.2 | K611: =IF(H611=0,"weekend",IF(H611=6,"weekend","weekend")) -> weekend | L611: =IF(C611=1,"Spring",IF(C611=2,"Summer",IF(C611=3,"Fall","Winter"))) -> Spring | M611: =SUM(J611:J635) -> 0.2 | N611: =AVERAGE(J611:J1220) -> 0.2 | O611: =COUNT(J611:J1220) -> 1 | P611: =TEXT(J611,"0.00") -> 0.20 | Q611: =LEFT(L611,3) -> Spr | R611: =RIGHT(L611,3) -> ing | S611: =LEN(L611) -> 6 | T611: =A611&"|"&B611&"|"&F611 -> 610|28-01-2011|15 | V611: =VLOOKUP(A611,Sheet2!A:H,3,FALSE) -> #N/A | W611: =VLOOKUP(A611,Sheet2!A:H,4,FALSE) -> #N/A | X611: =VLOOKUP(A611,Sheet2!A:H,7,FALSE) -> #N/A

Sheet User Demand Over Time
A3: instant | B3: Sum of cnt
A4: 1 | B4: 16
A5: 2 | B5: 40
A6: 3 | B6: 32
A7: 4 | B7: 13
A8: 5 | B8: 1
A9: 6 | B9: 1
A10: 7 | B10: 2
A11: 8 | B11: 3
A12: 9 | B12: 8
A13: 10 | B13: 14
A14: 11 | B14: 36
A15: 12 | B15: 56
... A613: 610 | B613: 41
A614: Grand Total | B614: 33898

Sheet Average User Demand by Humidity
A3: hum | B3: Sum of Avg cnt
A4: 0.21 | B4: 54.260563
A5: 0.25 | B5: 54.12766
A6: 0.26 | B6: 220.59345
A7: 0.27 | B7: 54.426573
A8: 0.28 | B8: 499.7967
A9: 0.29 | B9: 55.143187
A10: 0.3 | B10: 503.13231
A11: 0.32 | B11: 223.84006
A12: 0.33 | B12: 277.41759
A13: 0.34 | B13: 169.85357
A14: 0.35 | B14: 503.64483
A15: 0.36 | B15: 561.85008
... A64: 1 | B64: 56.299658
A65: Grand Total | B65: 33972.911

Sheet Casual vs Registered Users
A3: Sum of registered | B3: Sum of casual
A4: 31152 | B4: 2746

Sheet dataset_2
A1: Unnamed | B1: instant | C1: atemp | D1: hum | E1: windspeed | F1: casual | G1: registered | H1: cnt | I1: Total atemp | J1: Avg atemp | K1: count atemp | L1: total hum | M1: Avg hum | N1: count hum | O1: total cnt | P1: Avg cnt | Q1: count cnt | R1: left instant | S1: right instant | T1: lenght instant | U1: Countif | V1: sumif | W1: STdev | X1: Correl
A2: 0 | B2: 1 | C2: 0.2879 | D2: 0.81 | E2: 0 | F2: 3 | G2: 13 | H2: 16 | I2: =SUM(C2:C611) -> 121.96029 | J2: =AVERAGE(C2:C611) -> 0.19993489 | K2: =COUNT(C2:C611) -> 610 | L2: =SUM(D2:D611) -> 343.11 | M2: =AVERAGE(D2:D611) -> 0.56247541 | N2: =COUNT(D2:D611) -> 610 | O2: =SUM(H2:H611) -> 33898 | P2: =AVERAGE(H2:H611) -> 55.570492 | Q2: =COUNT(H2:H611) -> 610 | R2: =LEFT(B2,1) -> 1 | S2: =RIGHT(B2,1) -> 1 | T2: =LEN(B2) -> 1 | U2: =COUNTIF(H:H,">100") -> 89 | V2: =SUMIF(D:D,">0.8",H:H) -> 3183 | W2: =STDEV(H:H) -> 49.316802 | X2: =CORREL(C:C,H:H) -> 0.18825987
A3: 1 | B3: 2 | C3: 0.2727 | D3: 0.8 | E3: 0 | F3: 8 | G3: 32 | H3: 40 | I3: =SUM(C3:C612) -> 121.67239 | J3: =AVERAGE(C3:C612) -> 0.19979045 | K3: =COUNT(C3:C612) -> 609 | L3: =SUM(D3:D612) -> 342.3 | M3: =AVERAGE(D3:D612) -> 0.56206897 | N3: =COUNT(D3:D612) -> 609 | O3: =SUM(H3:H612) -> 33882 | P3: =AVERAGE(H3:H612) -> 55.635468 | Q3: =COUNT(H3:H612) -> 609 | R3: =LEFT(B3,1) -> 2 | S3: =RIGHT(B3,1) -> 2 | T3: =LEN(B3) -> 1 | U3: =COUNTIF(H:H,">100") -> 89 | V3: =SUMIF(D:D,">0.8",H:H) -> 3183 | W3: =STDEV(H:H) -> 49.316802 | X3: =CORREL(C:C,H:H) -> 0.18825987
A4: 2 | B4: 3 | C4: 0.2727 | D4: 0.8 | E4: 0 | F4: 5 | G4: 27 | H4: 32 | I4: =SUM(C4:C613) -> 121.39969 | J4: =AVERAGE(C4:C613) -> 0.19967053 | K4: =COUNT(C4:C613) -> 608 | L4: =SUM(D4:D613) -> 341.5 | M4: =AVERAGE(D4:D613) -> 0.56167763 | N4: =COUNT(D4:D613) -> 608 | O4: =SUM(H4:H613) -> 33842 | P4: =AVERAGE(H4:H613) -> 55.661184 | Q4: =COUNT(H4:H613) -> 608 | R4: =LEFT(B4,1) -> 3 | S4: =RIGHT(B4,1) -> 3 | T4: =LEN(B4) -> 1 | U4: =COUNTIF(H:H,">100") -> 89 | V4: =SUMIF(D:D,">0.8",H:H) -> 3183 | W4: =STDEV(H:H) -> 49.316802 | X4: =CORREL(C:C,H:H) -> 0.18825987
A5: 3 | B5: 4 | C5: 0.2879 | D5: 0.75 | E5: 0 | F5: 3 | G5: 10 | H5: 13 | I5: =SUM(C5:C614) -> 121.12699 | J5: =AVERAGE(C5:C614) -> 0.19955022 | K5: =COUNT(C5:C614) -> 607 | L5: =SUM(D5:D614) -> 340.7 | M5: =AVERAGE(D5:D614) -> 0.56128501 | N5: =COUNT(D5:D614) -> 607 | O5: =SUM(H5:H614) -> 33810 | P5: =AVERAGE(H5:H614) -> 55.700165 | Q5: =COUNT(H5:H614) -> 607 | R5: =LEFT(B5,1) -> 4 | S5: =RIGHT(B5,1) -> 4 | T5: =LEN(B5) -> 1 | U5: =COUNTIF(H:H,">100") -> 89 | V5: =SUMIF(D:D,">0.8",H:H) -> 3183 | W5: =STDEV(H:H) -> 49.316802 | X5: =CORREL(C:C,H:H) -> 0.18825987
A6: 4 | B6: 5 | C6: 0.2879 | D6: 0.75 | E6: 0 | F6: 0 | G6: 1 | H6: 1 | I6: =SUM(C6:C615) -> 120.83909 | J6: =AVERAGE(C6:C615) -> 0.19940443 | K6: =COUNT(C6:C615) -> 606 | L6: =SUM(D6:D615) -> 339.95 | M6: =AVERAGE(D6:D615) -> 0.5609736 | N6: =COUNT(D6:D615) -> 606 | O6: =SUM(H6:H615) -> 33797 | P6: =AVERAGE(H6:H615) -> 55.770627 | Q6: =COUNT(H6:H615) -> 606 | R6: =LEFT(B6,1) -> 5 | S6: =RIGHT(B6,1) -> 5 | T6: =LEN(B6) -> 1 | U6: =COUNTIF(H:H,">100") -> 89 | V6: =SUMIF(D:D,">0.8",H:H) -> 3183 | W6: =STDEV(H:H) -> 49.316802 | X6: =CORREL(C:C,H:H) -> 0.18825987
A7: 5 | B7: 6 | C7: 0.2576 | D7: 0.75 | E7: 0.0896 | F7: 0 | G7: 1 | H7: 1 | I7: =SUM(C7:C616) -> 120.55119 | J7: =AVERAGE(C7:C616) -> 0.19925816 | K7: =COUNT(C7:C616) -> 605 | L7: =SUM(D7:D616) -> 339.2 | M7: =AVERAGE(D7:D616) -> 0.56066116 | N7: =COUNT(D7:D616) -> 605 | O7: =SUM(H7:H616) -> 33796 | P7: =AVERAGE(H7:H616) -> 55.861157 | Q7: =COUNT(H7:H616) -> 605 | R7: =LEFT(B7,1) -> 6 | S7: =RIGHT(B7,1) -> 6 | T7: =LEN(B7) -> 1 | U7: =COUNTIF(H:H,">100") -> 89 | V7: =SUMIF(D:D,">0.8",H:H) -> 3183 | W7: =STDEV(H:H) -> 49.316802 | X7: =CORREL(C:C,H:H) -> 0.18825987
A8: 6 | B8: 7 | C8: 0.2727 | D8: 0.8 | E8: 0 | F8: 2 | G8: 0 | H8: 2 | I8: =SUM(C8:C617) -> 120.29359 | J8: =AVERAGE(C8:C617) -> 0.19916156 | K8: =COUNT(C8:C617) -> 604 | L8: =SUM(D8:D617) -> 338.45 | M8: =AVERAGE(D8:D617) -> 0.56034768 | N8: =COUNT(D8:D617) -> 604 | O8: =SUM(H8:H617) -> 33795 | P8: =AVERAGE(H8:H617) -> 55.951987 | Q8: =COUNT(H8:H617) -> 604 | R8: =LEFT(B8,1) -> 7 | S8: =RIGHT(B8,1) -> 7 | T8: =LEN(B8) -> 1 | U8: =COUNTIF(H:H,">100") -> 89 | V8: =SUMIF(D:D,">0.8",H:H) -> 3183 | W8: =STDEV(H:H) -> 49.316802 | X8: =CORREL(C:C,H:H) -> 0.18825987
A9: 7 | B9: 8 | C9: 0.2576 | D9: 0.86 | E9: 0 | F9: 1 | G9: 2 | H9: 3 | I9: =SUM(C9:C618) -> 120.02089 | J9: =AVERAGE(C9:C618) -> 0.19903961 | K9: =COUNT(C9:C618) -> 603 | L9: =SUM(D9:D618) -> 337.65 | M9: =AVERAGE(D9:D618) -> 0.55995025 | N9: =COUNT(D9:D618) -> 603 | O9: =SUM(H9:H618) -> 33793 | P9: =AVERAGE(H9:H618) -> 56.041459 | Q9: =COUNT(H9:H618) -> 603 | R9: =LEFT(B9,1) -> 8 | S9: =RIGHT(B9,1) -> 8 | T9: =LEN(B9) -> 1 | U9: =COUNTIF(H:H,">100") -> 89 | V9: =SUMIF(D:D,">0.8",H:H) -> 3183 | W9: =STDEV(H:H) -> 49.316802 | X9: =CORREL(C:C,H:H) -> 0.18825987
A10: 8 | B10: 9 | C10: 0.199935 | D10: 0.75 | E10: 0 | F10: 1 | G10: 7 | H10: 8 | I10: =SUM(C10:C619) -> 119.76329 | J10: =AVERAGE(C10:C619) -> 0.19894233 | K10: =COUNT(C10:C619) -> 602 | L10: =SUM(D10:D619) -> 336.79 | M10: =AVERAGE(D10:D619) -> 0.55945183 | N10: =COUNT(D10:D619) -> 602 | O10: =SUM(H10:H619) -> 33790 | P10: =AVERAGE(H10:H619) -> 56.129568 | Q10: =COUNT(H10:H619) -> 602 | R10: =LEFT(B10,1) -> 9 | S10: =RIGHT(B10,1) -> 9 | T10: =LEN(B10) -> 1 | U10: =COUNTIF(H:H,">100") -> 89 | V10: =SUMIF(D:D,">0.8",H:H) -> 3183 | W10: =STDEV(H:H) -> 49.316802 | X10: =CORREL(C:C,H:H) -> 0.18825987
A11: 9 | B11: 10 | C11: 0.3485 | D11: 0.76 | E11: 0 | F11: 8 | G11: 6 | H11: 14 | I11: =SUM(C11:C620) -> 119.56335 | J11: =AVERAGE(C11:C620) -> 0.19894068 | K11: =COUNT(C11:C620) -> 601 | L11: =SUM(D11:D620) -> 336.04 | M11: =AVERAGE(D11:D620) -> 0.55913478 | N11: =COUNT(D11:D620) -> 601 | O11: =SUM(H11:H620) -> 33782 | P11: =AVERAGE(H11:H620) -> 56.209651 | Q11: =COUNT(H11:H620) -> 601 | R11: =LEFT(B11,1) -> 1 | S11: =RIGHT(B11,1) -> 0 | T11: =LEN(B11) -> 2 | U11: =COUNTIF(H:H,">100") -> 89 | V11: =SUMIF(D:D,">0.8",H:H) -> 3183 | W11: =STDEV(H:H) -> 49.316802 | X11: =CORREL(C:C,H:H) -> 0.18825987
A12: 10 | B12: 11 | C12: 0.3939 | D12: 0.76 | E12: 0.2537 | F12: 12 | G12: 24 | H12: 36 | I12: =SUM(C12:C621) -> 119.21485 | J12: =AVERAGE(C12:C621) -> 0.19869142 | K12: =COUNT(C12:C621) -> 600 | L12: =SUM(D12:D621) -> 335.28 | M12: =AVERAGE(D12:D621) -> 0.5588 | N12: =COUNT(D12:D621) -> 600 | O12: =SUM(H12:H621) -> 33768 | P12: =AVERAGE(H12:H621) -> 56.28 | Q12: =COUNT(H12:H621) -> 600 | R12: =LEFT(B12,1) -> 1 | S12: =RIGHT(B12,1) -> 1 | T12: =LEN(B12) -> 2 | U12: =COUNTIF(H:H,">100") -> 89 | V12: =SUMIF(D:D,">0.8",H:H) -> 3183 | W12: =STDEV(H:H) -> 49.316802 | X12: =CORREL(C:C,H:H) -> 0.18825987
A13: 11 | B13: 12 | C13: 0.3333 | D13: 0.81 | E13: 0.2836 | F13: 26 | G13: 30 | H13: 56 | I13: =SUM(C13:C622) -> 118.82095 | J13: =AVERAGE(C13:C622) -> 0.19836553 | K13: =COUNT(C13:C622) -> 599 | L13: =SUM(D13:D622) -> 334.52 | M13: =AVERAGE(D13:D622) -> 0.55846411 | N13: =COUNT(D13:D622) -> 599 | O13: =SUM(H13:H622) -> 33732 | P13: =AVERAGE(H13:H622) -> 56.313856 | Q13: =COUNT(H13:H622) -> 599 | R13: =LEFT(B13,1) -> 1 | S13: =RIGHT(B13,1) -> 2 | T13: =LEN(B13) -> 2 | U13: =COUNTIF(H:H,">100") -> 89 | V13: =SUMIF(D:D,">0.8",H:H) -> 3183 | W13: =STDEV(H:H) -> 49.316802 | X13: =CORREL(C:C,H:H) -> 0.18825987
... A611: 609 | B611: 610 | C611: 0.2576 | D611: 0.86 | E611: 0 | F611: 1 | G611: 40 | H611: 41 | I611: =SUM(C611:C1220) -> 0.2576 | J611: =AVERAGE(C611:C1220) -> 0.2576 | K611: =COUNT(C611:C1220) -> 1 | L611: =SUM(D611:D1220) -> 0.86 | M611: =AVERAGE(D611:D1220) -> 0.86 | N611: =COUNT(D611:D1220) -> 1 | O611: =SUM(H611:H1220) -> 41 | P611: =AVERAGE(H611:H1220) -> 41 | Q611: =COUNT(H611:H1220) -> 1 | R611: =LEFT(B611,1) -> 6 | S611: =RIGHT(B611,1) -> 0 | T611: =LEN(B611) -> 3 | U611: =COUNTIF(H:H,">100") -> 89 | V611: =SUMIF(D:D,">0.8",H:H) -> 3183 | W611: =STDEV(H:H) -> 49.316802 | X611: =CORREL(C:C,H:H) -> 0.18825987

Sheet Sheet2
A1: Unnamed: 0 | B1: instant | C1: atemp | D1: hum | E1: windspeed | F1: casual | G1: registered | H1: cnt | I1: Total atemp | J1: Avg atemp | K1: count atemp | L1: total hum | M1: Avg hum | N1: count hum | O1: total cnt | P1: Avg cnt | Q1: count cnt | R1: left instant | S1: right instant | T1: lenght instant | U1: Status
A2: 0 | B2: 1 | C2: 0.2879 | D2: 0.81 | E2: 0 | F2: 3 | G2: 13 | H2: 16 | I2: =SUM(C2:C611) -> 119.761 | J2: =AVERAGE(C2:C611) -> 0.19993489 | K2: =COUNT(C2:C611) -> 599 | L2: =SUM(D2:D611) -> 343.11 | M2: =AVERAGE(D2:D611) -> 0.56247541 | N2: =COUNT(D2:D611) -> 610 | O2: =SUM(H2:H611) -> 33898 | P2: =AVERAGE(H2:H611) -> 55.570492 | Q2: =COUNT(H2:H611) -> 610 | R2: =LEFT(B2,1) -> 1 | S2: =RIGHT(B2,1) -> 1 | T2: =LEN(B2) -> 1 | U2: =IF(R2=S2,"Match","Mismatch") -> Match
A3: 1 | B3: 2 | C3: 0.2727 | D3: 0.8 | E3: 0 | F3: 8 | G3: 32 | H3: 40 | I3: =SUM(C3:C612) -> 119.4731 | J3: =AVERAGE(C3:C612) -> 0.19978779 | K3: =COUNT(C3:C612) -> 598 | L3: =SUM(D3:D612) -> 342.3 | M3: =AVERAGE(D3:D612) -> 0.56206897 | N3: =COUNT(D3:D612) -> 609 | O3: =SUM(H3:H612) -> 33882 | P3: =AVERAGE(H3:H612) -> 55.635468 | Q3: =COUNT(H3:H612) -> 609 | R3: =LEFT(B3,1) -> 2 | S3: =RIGHT(B3,1) -> 2 | T3: =LEN(B3) -> 1 | U3: =IF(R3=S3,"Match","Mismatch") -> Match
A4: 2 | B4: 3 | C4: 0.2727 | D4: 0.8 | E4: 0 | F4: 5 | G4: 27 | H4: 32 | I4: =SUM(C4:C613) -> 119.2004 | J4: =AVERAGE(C4:C613) -> 0.19966566 | K4: =COUNT(C4:C613) -> 597 | L4: =SUM(D4:D613) -> 341.5 | M4: =AVERAGE(D4:D613) -> 0.56167763 | N4: =COUNT(D4:D613) -> 608 | O4: =SUM(H4:H613) -> 33842 | P4: =AVERAGE(H4:H613) -> 55.661184 | Q4: =COUNT(H4:H613) -> 608 | R4: =LEFT(B4,1) -> 3 | S4: =RIGHT(B4,1) -> 3 | T4: =LEN(B4) -> 1 | U4: =IF(R4=S4,"Match","Mismatch") -> Match
A5: 3 | B5: 4 | C5: 0.2879 | D5: 0.75 | E5: 0 | F5: 3 | G5: 10 | H5: 13 | I5: =SUM(C5:C614) -> 118.9277 | J5: =AVERAGE(C5:C614) -> 0.19954312 | K5: =COUNT(C5:C614) -> 596 | L5: =SUM(D5:D614) -> 340.7 | M5: =AVERAGE(D5:D614) -> 0.56128501 | N5: =COUNT(D5:D614) -> 607 | O5: =SUM(H5:H614) -> 33810 | P5: =AVERAGE(H5:H614) -> 55.700165 | Q5: =COUNT(H5:H614) -> 607 | R5: =LEFT(B5,1) -> 4 | S5: =RIGHT(B5,1) -> 4 | T5: =LEN(B5) -> 1 | U5: =IF(R5=S5,"Match","Mismatch") -> Match
A6: 4 | B6: 5 | C6: 0.2879 | D6: 0.75 | E6: 0 | F6: 0 | G6: 1 | H6: 1 | I6: =SUM(C6:C615) -> 118.6398 | J6: =AVERAGE(C6:C615) -> 0.19939462 | K6: =COUNT(C6:C615) -> 595 | L6: =SUM(D6:D615) -> 339.95 | M6: =AVERAGE(D6:D615) -> 0.5609736 | N6: =COUNT(D6:D615) -> 606 | O6: =SUM(H6:H615) -> 33797 | P6: =AVERAGE(H6:H615) -> 55.770627 | Q6: =COUNT(H6:H615) -> 606 | R6: =LEFT(B6,1) -> 5 | S6: =RIGHT(B6,1) -> 5 | T6: =LEN(B6) -> 1 | U6: =IF(R6=S6,"Match","Mismatch") -> Match
A7: 5 | B7: 6 | C7: 0.2576 | D7: 0.75 | E7: 0.0896 | F7: 0 | G7: 1 | H7: 1 | I7: =SUM(C7:C616) -> 118.3519 | J7: =AVERAGE(C7:C616) -> 0.19924562 | K7: =COUNT(C7:C616) -> 594 | L7: =SUM(D7:D616) -> 339.2 | M7: =AVERAGE(D7:D616) -> 0.56066116 | N7: =COUNT(D7:D616) -> 605 | O7: =SUM(H7:H616) -> 33796 | P7: =AVERAGE(H7:H616) -> 55.861157 | Q7: =COUNT(H7:H616) -> 605 | R7: =LEFT(B7,1) -> 6 | S7: =RIGHT(B7,1) -> 6 | T7: =LEN(B7) -> 1 | U7: =IF(R7=S7,"Match","Mismatch") -> Match
A8: 6 | B8: 7 | C8: 0.2727 | D8: 0.8 | E8: 0 | F8: 2 | G8: 0 | H8: 2 | I8: =SUM(C8:C617) -> 118.0943 | J8: =AVERAGE(C8:C617) -> 0.19914722 | K8: =COUNT(C8:C617) -> 593 | L8: =SUM(D8:D617) -> 338.45 | M8: =AVERAGE(D8:D617) -> 0.56034768 | N8: =COUNT(D8:D617) -> 604 | O8: =SUM(H8:H617) -> 33795 | P8: =AVERAGE(H8:H617) -> 55.951987 | Q8: =COUNT(H8:H617) -> 604 | R8: =LEFT(B8,1) -> 7 | S8: =RIGHT(B8,1) -> 7 | T8: =LEN(B8) -> 1 | U8: =IF(R8=S8,"Match","Mismatch") -> Match
A9: 7 | B9: 8 | C9: 0.2576 | D9: 0.86 | E9: 0 | F9: 1 | G9: 2 | H9: 3 | I9: =SUM(C9:C618) -> 117.8216 | J9: =AVERAGE(C9:C618) -> 0.19902297 | K9: =COUNT(C9:C618) -> 592 | L9: =SUM(D9:D618) -> 337.65 | M9: =AVERAGE(D9:D618) -> 0.55995025 | N9: =COUNT(D9:D618) -> 603 | O9: =SUM(H9:H618) -> 33793 | P9: =AVERAGE(H9:H618) -> 56.041459 | Q9: =COUNT(H9:H618) -> 603 | R9: =LEFT(B9,1) -> 8 | S9: =RIGHT(B9,1) -> 8 | T9: =LEN(B9) -> 1 | U9: =IF(R9=S9,"Match","Mismatch") -> Match
A10: 8 | B10: 9 | D10: 0.75 | E10: 0 | F10: 1 | G10: 7 | H10: 8 | I10: =SUM(C10:C619) -> 117.564 | J10: =AVERAGE(C10:C619) -> 0.19892386 | K10: =COUNT(C10:C619) -> 591 | L10: =SUM(D10:D619) -> 336.79 | M10: =AVERAGE(D10:D619) -> 0.55945183 | N10: =COUNT(D10:D619) -> 602 | O10: =SUM(H10:H619) -> 33790 | P10: =AVERAGE(H10:H619) -> 56.129568 | Q10: =COUNT(H10:H619) -> 602 | R10: =LEFT(B10,1) -> 9 | S10: =RIGHT(B10,1) -> 9 | T10: =LEN(B10) -> 1 | U10: =IF(R10=S10,"Match","Mismatch") -> Match
A11: 9 | B11: 10 | C11: 0.3485 | D11: 0.76 | E11: 0 | F11: 8 | G11: 6 | H11: 14 | I11: =SUM(C11:C620) -> 117.564 | J11: =AVERAGE(C11:C620) -> 0.19892386 | K11: =COUNT(C11:C620) -> 591 | L11: =SUM(D11:D620) -> 336.04 | M11: =AVERAGE(D11:D620) -> 0.55913478 | N11: =COUNT(D11:D620) -> 601 | O11: =SUM(H11:H620) -> 33782 | P11: =AVERAGE(H11:H620) -> 56.209651 | Q11: =COUNT(H11:H620) -> 601 | R11: =LEFT(B11,1) -> 1 | S11: =RIGHT(B11,1) -> 0 | T11: =LEN(B11) -> 2 | U11: =IF(R11=S11,"Match","Mismatch") -> Mismatch
A12: 10 | B12: 11 | C12: 0.3939 | D12: 0.76 | E12: 0.2537 | F12: 12 | G12: 24 | H12: 36 | I12: =SUM(C12:C621) -> 117.2155 | J12: =AVERAGE(C12:C621) -> 0.19867034 | K12: =COUNT(C12:C621) -> 590 | L12: =SUM(D12:D621) -> 335.28 | M12: =AVERAGE(D12:D621) -> 0.5588 | N12: =COUNT(D12:D621) -> 600 | O12: =SUM(H12:H621) -> 33768 | P12: =AVERAGE(H12:H621) -> 56.28 | Q12: =COUNT(H12:H621) -> 600 | R12: =LEFT(B12,1) -> 1 | S12: =RIGHT(B12,1) -> 1 | T12: =LEN(B12) -> 2 | U12: =IF(R12=S12,"Match","Mismatch") -> Match
A13: 11 | B13: 12 | C13: 0.3333 | D13: 0.81 | E13: 0.2836 | F13: 26 | G13: 30 | H13: 56 | I13: =SUM(C13:C622) -> 116.8216 | J13: =AVERAGE(C13:C622) -> 0.19833888 | K13: =COUNT(C13:C622) -> 589 | L13: =SUM(D13:D622) -> 334.52 | M13: =AVERAGE(D13:D622) -> 0.55846411 | N13: =COUNT(D13:D622) -> 599 | O13: =SUM(H13:H622) -> 33732 | P13: =AVERAGE(H13:H622) -> 56.313856 | Q13: =COUNT(H13:H622) -> 599 | R13: =LEFT(B13,1) -> 1 | S13: =RIGHT(B13,1) -> 2 | T13: =LEN(B13) -> 2 | U13: =IF(R13=S13,"Match","Mismatch") -> Mismatch
A14: 12 | B14: 13 | C14: 0.4242 | D14: 0.77 | E14: 0.2836 | F14: 29 | G14: 55 | H14: 84 | I14: =SUM(C14:C623) -> 116.4883 | J14: =AVERAGE(C14:C623) -> 0.19810935 | K14: =COUNT(C14:C623) -> 588 | L14: =SUM(D14:D623) -> 333.71 | M14: =AVERAGE(D14:D623) -> 0.55804348 | N14: =COUNT(D14:D623) -> 598 | O14: =SUM(H14:H623) -> 33676 | P14: =AVERAGE(H14:H623) -> 56.314381 | Q14: =COUNT(H14:H623) -> 598 | R14: =LEFT(B14,1) -> 1 | S14: =RIGHT(B14,1) -> 3 | T14: =LEN(B14) -> 2 | U14: =IF(R14=S14,"Match","Mismatch") -> Mismatch
A15: 13 | B15: 14 | C15: 0.4545 | D15: 0.72 | E15: 0.2985 | F15: 47 | G15: 47 | H15: 94 | I15: =SUM(C15:C624) -> 116.0641 | J15: =AVERAGE(C15:C624) -> 0.19772419 | K15: =COUNT(C15:C624) -> 587 | L15: =SUM(D15:D624) -> 332.94 | M15: =AVERAGE(D15:D624) -> 0.55768844 | N15: =COUNT(D15:D624) -> 597 | O15: =SUM(H15:H624) -> 33592 | P15: =AVERAGE(H15:H624) -> 56.268007 | Q15: =COUNT(H15:H624) -> 597 | R15: =LEFT(B15,1) -> 1 | S15: =RIGHT(B15,1) -> 4 | T15: =LEN(B15) -> 2 | U15: =IF(R15=S15,"Match","Mismatch") -> Mismatch
A16: 14 | B16: 15 | C16: 0.4545 | D16: 0.72 | E16: 0.2836 | F16: 35 | G16: 71 | H16: 106 | I16: =SUM(C16:C625) -> 115.6096 | J16: =AVERAGE(C16:C625) -> 0.19728601 | K16: =COUNT(C16:C625) -> 586 | L16: =SUM(D16:D625) -> 332.22 | M16: =AVERAGE(D16:D625) -> 0.55741611 | N16: =COUNT(D16:D625) -> 596 | O16: =SUM(H16:H625) -> 33498 | P16: =AVERAGE(H16:H625) -> 56.204698 | Q16: =COUNT(H16:H625) -> 596 | R16: =LEFT(B16,1) -> 1 | S16: =RIGHT(B16,1) -> 5 | T16: =LEN(B16) -> 2 | U16: =IF(R16=S16,"Match","Mismatch") -> Mismatch
A17: 15 | B17: 16 | C17: 0.4394 | D17: 0.77 | E17: 0.2985 | F17: 40 | G17: 70 | H17: 110 | I17: =SUM(C17:C626) -> 115.1551 | J17: =AVERAGE(C17:C626) -> 0.19684632 | K17: =COUNT(C17:C626) -> 585 | L17: =SUM(D17:D626) -> 331.5 | M17: =AVERAGE(D17:D626) -> 0.55714286 | N17: =COUNT(D17:D626) -> 595 | O17: =SUM(H17:H626) -> 33392 | P17: =AVERAGE(H17:H626) -> 56.121008 | Q17: =COUNT(H17:H626) -> 595 | R17: =LEFT(B17,1) -> 1 | S17: =RIGHT(B17,1) -> 6 | T17: =LEN(B17) -> 2 | U17: =IF(R17=S17,"Match","Mismatch") -> Mismatch
A18: 16 | B18: 17 | C18: 0.4242 | D18: 0.82 | E18: 0.2985 | F18: 41 | G18: 52 | H18: 93 | I18: =SUM(C18:C627) -> 114.7157 | J18: =AVERAGE(C18:C627) -> 0.19643099 | K18: =COUNT(C18:C627) -> 584 | L18: =SUM(D18:D627) -> 330.73 | M18: =AVERAGE(D18:D627) -> 0.55678451 | N18: =COUNT(D18:D627) -> 594 | O18: =SUM(H18:H627) -> 33282 | P18: =AVERAGE(H18:H627) -> 56.030303 | Q18: =COUNT(H18:H627) -> 594 | R18: =LEFT(B18,1) -> 1 | S18: =RIGHT(B18,1) -> 7 | T18: =LEN(B18) -> 2 | U18: =IF(R18=S18,"Match","Mismatch") -> Mismatch
A19: 17 | B19: 18 | D19: 0.82 | E19: 0.2836 | F19: 15 | G19: 52 | H19: 67 | I19: =SUM(C19:C628) -> 114.2915 | J19: =AVERAGE(C19:C628) -> 0.19604031 | K19: =COUNT(C19:C628) -> 583 | L19: =SUM(D19:D628) -> 329.91 | M19: =AVERAGE(D19:D628) -> 0.55634064 | N19: =COUNT(D19:D628) -> 593 | O19: =SUM(H19:H628) -> 33189 | P19: =AVERAGE(H19:H628) -> 55.96796 | Q19: =COUNT(H19:H628) -> 593 | R19: =LEFT(B19,1) -> 1 | S19: =RIGHT(B19,1) -> 8 | T19: =LEN(B19) -> 2 | U19: =IF(R19=S19,"Match","Mismatch") -> Mismatch
A20: 18 | B20: 19 | C20: 0.4242 | D20: 0.88 | E20: 0.2537 | F20: 9 | G20: 26 | H20: 35 | I20: =SUM(C20:C629) -> 114.2915 | J20: =AVERAGE(C20:C629) -> 0.19604031 | K20: =COUNT(C20:C629) -> 583 | L20: =SUM(D20:D629) -> 329.09 | M20: =AVERAGE(D20:D629) -> 0.55589527 | N20: =COUNT(D20:D629) -> 592 | O20: =SUM(H20:H629) -> 33122 | P20: =AVERAGE(H20:H629) -> 55.949324 | Q20: =COUNT(H20:H629) -> 592 | R20: =LEFT(B20,1) -> 1 | S20: =RIGHT(B20,1) -> 9 | T20: =LEN(B20) -> 2 | U20: =IF(R20=S20,"Match","Mismatch") -> Mismatch
A21: 19 | B21: 20 | C21: 0.4242 | D21: 0.88 | E21: 0.2537 | F21: 6 | G21: 31 | H21: 37 | I21: =SUM(C21:C630) -> 113.8673 | J21: =AVERAGE(C21:C630) -> 0.19564828 | K21: =COUNT(C21:C630) -> 582 | L21: =SUM(D21:D630) -> 328.21 | M21: =AVERAGE(D21:D630) -> 0.55534687 | N21: =COUNT(D21:D630) -> 591 | O21: =SUM(H21:H630) -> 33087 | P21: =AVERAGE(H21:H630) -> 55.984772 | Q21: =COUNT(H21:H630) -> 591 | R21: =LEFT(B21,1) -> 2 | S21: =RIGHT(B21,1) -> 0 | T21: =LEN(B21) -> 2 | U21: =IF(R21=S21,"Match","Mismatch") -> Mismatch
A22: 20 | B22: 21 | C22: 0.4091 | D22: 0.87 | E22: 0.2537 | F22: 11 | G22: 25 | H22: 36 | I22: =SUM(C22:C631) -> 113.4431 | J22: =AVERAGE(C22:C631) -> 0.19525491 | K22: =COUNT(C22:C631) -> 581 | L22: =SUM(D22:D631) -> 327.33 | M22: =AVERAGE(D22:D631) -> 0.55479661 | N22: =COUNT(D22:D631) -> 590 | O22: =SUM(H22:H631) -> 33050 | P22: =AVERAGE(H22:H631) -> 56.016949 | Q22: =COUNT(H22:H631) -> 590 | R22: =LEFT(B22,1) -> 2 | S22: =RIGHT(B22,1) -> 1 | T22: =LEN(B22) -> 2 | U22: =IF(R22=S22,"Match","Mismatch") -> Mismatch
A23: 21 | B23: 22 | C23: 0.4091 | D23: 0.87 | E23: 0.194 | F23: 3 | G23: 31 | H23: 34 | I23: =SUM(C23:C632) -> 113.034 | J23: =AVERAGE(C23:C632) -> 0.19488621 | K23: =COUNT(C23:C632) -> 580 | L23: =SUM(D23:D632) -> 326.46 | M23: =AVERAGE(D23:D632) -> 0.55426146 | N23: =COUNT(D23:D632) -> 589 | O23: =SUM(H23:H632) -> 33014 | P23: =AVERAGE(H23:H632) -> 56.050934 | Q23: =COUNT(H23:H632) -> 589 | R23: =LEFT(B23,1) -> 2 | S23: =RIGHT(B23,1) -> 2 | T23: =LEN(B23) -> 2 | U23: =IF(R23=S23,"Match","Mismatch") -> Match
A24: 22 | B24: 23 | C24: 0.4091 | D24: 0.94 | E24: 0.2239 | F24: 11 | G24: 17 | H24: 28 | I24: =SUM(C24:C633) -> 112.6249 | J24: =AVERAGE(C24:C633) -> 0.19451623 | K24: =COUNT(C24:C633) -> 579 | L24: =SUM(D24:D633) -> 325.59 | M24: =AVERAGE(D24:D633) -> 0.55372449 | N24: =COUNT(D24:D633) -> 588 | O24: =SUM(H24:H633) -> 32980 | P24: =AVERAGE(H24:H633) -> 56.088435 | Q24: =COUNT(H24:H633) -> 588 | R24: =LEFT(B24,1) -> 2 | S24: =RIGHT(B24,1) -> 3 | T24: =LEN(B24) -> 2 | U24: =IF(R24=S24,"Match","Mismatch") -> Mismatch
A25: 23 | B25: 24 | D25: 0.88 | E25: 0.2985 | F25: 15 | G25: 24 | H25: 39 | I25: =SUM(C25:C634) -> 112.2158 | J25: =AVERAGE(C25:C634) -> 0.19414498 | K25: =COUNT(C25:C634) -> 578 | L25: =SUM(D25:D634) -> 324.65 | M25: =AVERAGE(D25:D634) -> 0.55306644 | N25: =COUNT(D25:D634) -> 587 | O25: =SUM(H25:H634) -> 32952 | P25: =AVERAGE(H25:H634) -> 56.136286 | Q25: =COUNT(H25:H634) -> 587 | R25: =LEFT(B25,1) -> 2 | S25: =RIGHT(B25,1) -> 4 | T25: =LEN(B25) -> 2 | U25: =IF(R25=S25,"Match","Mismatch") -> Mismatch
A26: 24 | B26: 25 | C26: 0.4545 | D26: 0.88 | E26: 0.2985 | F26: 4 | G26: 13 | H26: 17 | I26: =SUM(C26:C635) -> 112.2158 | J26: =AVERAGE(C26:C635) -> 0.19414498 | K26: =COUNT(C26:C635) -> 578 | L26: =SUM(D26:D635) -> 323.77 | M26: =AVERAGE(D26:D635) -> 0.55250853 | N26: =COUNT(D26:D635) -> 586 | O26: =SUM(H26:H635) -> 32913 | P26: =AVERAGE(H26:H635) -> 56.165529 | Q26: =COUNT(H26:H635) -> 586 | R26: =LEFT(B26,1) -> 2 | S26: =RIGHT(B26,1) -> 5 | T26: =LEN(B26) -> 2 | U26: =IF(R26=S26,"Match","Mismatch") -> Mismatch
A27: 25 | B27: 26 | C27: 0.4394 | D27: 0.94 | E27: 0.2537 | F27: 1 | G27: 16 | H27: 17 | I27: =SUM(C27:C636) -> 111.7613 | J27: =AVERAGE(C27:C636) -> 0.19369376 | K27: =COUNT(C27:C636) -> 577 | L27: =SUM(D27:D636) -> 322.89 | M27: =AVERAGE(D27:D636) -> 0.55194872 | N27: =COUNT(D27:D636) -> 585 | O27: =SUM(H27:H636) -> 32896 | P27: =AVERAGE(H27:H636) -> 56.232479 | Q27: =COUNT(H27:H636) -> 585 | R27: =LEFT(B27,1) -> 2 | S27: =RIGHT(B27,1) -> 6 | T27: =LEN(B27) -> 2 | U27: =IF(R27=S27,"Match","Mismatch") -> Mismatch
A28: 26 | B28: 27 | C28: 0.4242 | D28: 1 | E28: 0.2836 | F28: 1 | G28: 8 | H28: 9 | I28: =SUM(C28:C637) -> 111.3219 | J28: =AVERAGE(C28:C637) -> 0.19326719 | K28: =COUNT(C28:C637) -> 576 | L28: =SUM(D28:D637) -> 321.95 | M28: =AVERAGE(D28:D637) -> 0.55128425 | N28: =COUNT(D28:D637) -> 584 | O28: =SUM(H28:H637) -> 32879 | P28: =AVERAGE(H28:H637) -> 56.299658 | Q28: =COUNT(H28:H637) -> 584 | R28: =LEFT(B28,1) -> 2 | S28: =RIGHT(B28,1) -> 7 | T28: =LEN(B28) -> 2 | U28: =IF(R28=S28,"Match","Mismatch") -> Mismatch
A29: 27 | B29: 28 | C29: 0.4545 | D29: 0.94 | E29: 0.194 | F29: 2 | G29: 4 | H29: 6 | I29: =SUM(C29:C638) -> 110.8977 | J29: =AVERAGE(C29:C638) -> 0.19286557 | K29: =COUNT(C29:C638) -> 575 | L29: =SUM(D29:D638) -> 320.95 | M29: =AVERAGE(D29:D638) -> 0.55051458 | N29: =COUNT(D29:D638) -> 583 | O29: =SUM(H29:H638) -> 32870 | P29: =AVERAGE(H29:H638) -> 56.380789 | Q29: =COUNT(H29:H638) -> 583 | R29: =LEFT(B29,1) -> 2 | S29: =RIGHT(B29,1) -> 8 | T29: =LEN(B29) -> 2 | U29: =IF(R29=S29,"Match","Mismatch") -> Mismatch
A30: 28 | B30: 29 | D30: 0.94 | E30: 0.194 | F30: 2 | G30: 1 | H30: 3 | I30: =SUM(C30:C639) -> 110.4432 | J30: =AVERAGE(C30:C639) -> 0.19240976 | K30: =COUNT(C30:C639) -> 574 | L30: =SUM(D30:D639) -> 320.01 | M30: =AVERAGE(D30:D639) -> 0.54984536 | N30: =COUNT(D30:D639) -> 582 | O30: =SUM(H30:H639) -> 32864 | P30: =AVERAGE(H30:H639) -> 56.467354 | Q30: =COUNT(H30:H639) -> 582 | R30: =LEFT(B30,1) -> 2 | S30: =RIGHT(B30,1) -> 9 | T30: =LEN(B30) -> 2 | U30: =IF(R30=S30,"Match","Mismatch") -> Mismatch
A31: 29 | B31: 30 | C31: 0.4242 | D31: 0.77 | E31: 0.2985 | F31: 0 | G31: 2 | H31: 2 | I31: =SUM(C31:C640) -> 110.4432 | J31: =AVERAGE(C31:C640) -> 0.19240976 | K31: =COUNT(C31:C640) -> 574 | L31: =SUM(D31:D640) -> 319.07 | M31: =AVERAGE(D31:D640) -> 0.54917384 | N31: =COUNT(D31:D640) -> 581 | O31: =SUM(H31:H640) -> 32861 | P31: =AVERAGE(H31:H640) -> 56.55938 | Q31: =COUNT(H31:H640) -> 581 | R31: =LEFT(B31,1) -> 3 | S31: =RIGHT(B31,1) -> 0 | T31: =LEN(B31) -> 2 | U31: =IF(R31=S31,"Match","Mismatch") -> Mismatch
A32: 30 | B32: 31 | C32: 0.4091 | D32: 0.76 | E32: 0.194 | F32: 0 | G32: 1 | H32: 1 | I32: =SUM(C32:C641) -> 110.019 | J32: =AVERAGE(C32:C641) -> 0.19200524 | K32: =COUNT(C32:C641) -> 573 | L32: =SUM(D32:D641) -> 318.3 | M32: =AVERAGE(D32:D641) -> 0.5487931 | N32: =COUNT(D32:D641) -> 580 | O32: =SUM(H32:H641) -> 32859 | P32: =AVERAGE(H32:H641) -> 56.653448 | Q32: =COUNT(H32:H641) -> 580 | R32: =LEFT(B32,1) -> 3 | S32: =RIGHT(B32,1) -> 1 | T32: =LEN(B32) -> 2 | U32: =IF(R32=S32,"Match","Mismatch") -> Mismatch
A33: 31 | B33: 32 | C33: 0.4091 | D33: 0.71 | E33: 0.2239 | F33: 0 | G33: 8 | H33: 8 | I33: =SUM(C33:C642) -> 109.6099 | J33: =AVERAGE(C33:C642) -> 0.1916257 | K33: =COUNT(C33:C642) -> 572 | L33: =SUM(D33:D642) -> 317.54 | M33: =AVERAGE(D33:D642) -> 0.54842832 | N33: =COUNT(D33:D642) -> 579 | O33: =SUM(H33:H642) -> 32858 | P33: =AVERAGE(H33:H642) -> 56.749568 | Q33: =COUNT(H33:H642) -> 579 | R33: =LEFT(B33,1) -> 3 | S33: =RIGHT(B33,1) -> 2 | T33: =LEN(B33) -> 2 | U33: =IF(R33=S33,"Match","Mismatch") -> Mismatch
A34: 32 | B34: 33 | D34: 0.76 | E34: 0.2239 | F34: 1 | G34: 19 | H34: 20 | I34: =SUM(C34:C643) -> 109.2008 | J34: =AVERAGE(C34:C643) -> 0.19124483 | K34: =COUNT(C34:C643) -> 571 | L34: =SUM(D34:D643) -> 316.83 | M34: =AVERAGE(D34:D643) -> 0.54814879 | N34: =COUNT(D34:D643) -> 578 | O34: =SUM(H34:H643) -> 32850 | P34: =AVERAGE(H34:H643) -> 56.83391 | Q34: =COUNT(H34:H643) -> 578 | R34: =LEFT(B34,1) -> 3 | S34: =RIGHT(B34,1) -> 3 | T34: =LEN(B34) -> 2 | U34: =IF(R34=S34,"Match","Mismatch") -> Match
A35: 33 | B35: 34 | C35: 0.3485 | D35: 0.81 | E35: 0.2239 | F35: 7 | G35: 46 | H35: 53 | I35: =SUM(C35:C644) -> 109.2008 | J35: =AVERAGE(C35:C644) -> 0.19124483 | K35: =COUNT(C35:C644) -> 571 | L35: =SUM(D35:D644) -> 316.07 | M35: =AVERAGE(D35:D644) -> 0.54778163 | N35: =COUNT(D35:D644) -> 577 | O35: =SUM(H35:H644) -> 32830 | P35: =AVERAGE(H35:H644) -> 56.897747 | Q35: =COUNT(H35:H644) -> 577 | R35: =LEFT(B35,1) -> 3 | S35: =RIGHT(B35,1) -> 4 | T35: =LEN(B35) -> 2 | U35: =IF(R35=S35,"Match","Mismatch") -> Mismatch
A36: 34 | B36: 35 | C36: 0.3333 | D36: 0.71 | E36: 0.2537 | F36: 16 | G36: 54 | H36: 70 | I36: =SUM(C36:C645) -> 108.8523 | J36: =AVERAGE(C36:C645) -> 0.19096895 | K36: =COUNT(C36:C645) -> 570 | L36: =SUM(D36:D645) -> 315.26 | M36: =AVERAGE(D36:D645) -> 0.54732639 | N36: =COUNT(D36:D645) -> 576 | O36: =SUM(H36:H645) -> 32777 | P36: =AVERAGE(H36:H645) -> 56.904514 | Q36: =COUNT(H36:H645) -> 576 | R36: =LEFT(B36,1) -> 3 | S36: =RIGHT(B36,1) -> 5 | T36: =LEN(B36) -> 2 | U36: =IF(R36=S36,"Match","Mismatch") -> Mismatch
A37: 35 | B37: 36 | C37: 0.3333 | D37: 0.66 | E37: 0.2985 | F37: 20 | G37: 73 | H37: 93 | I37: =SUM(C37:C646) -> 108.519 | J37: =AVERAGE(C37:C646) -> 0.1907188 | K37: =COUNT(C37:C646) -> 569 | L37: =SUM(D37:D646) -> 314.55 | M37: =AVERAGE(D37:D646) -> 0.54704348 | N37: =COUNT(D37:D646) -> 575 | O37: =SUM(H37:H646) -> 32707 | P37: =AVERAGE(H37:H646) -> 56.881739 | Q37: =COUNT(H37:H646) -> 575 | R37: =LEFT(B37,1) -> 3 | S37: =RIGHT(B37,1) -> 6 | T37: =LEN(B37) -> 2 | U37: =IF(R37=S37,"Match","Mismatch") -> Mismatch
A38: 36 | B38: 37 | C38: 0.3485 | D38: 0.66 | E38: 0.1343 | F38: 11 | G38: 64 | H38: 75 | I38: =SUM(C38:C647) -> 108.1857 | J38: =AVERAGE(C38:C647) -> 0.19046778 | K38: =COUNT(C38:C647) -> 568 | L38: =SUM(D38:D647) -> 313.89 | M38: =AVERAGE(D38:D647) -> 0.54684669 | N38: =COUNT(D38:D647) -> 574 | O38: =SUM(H38:H647) -> 32614 | P38: =AVERAGE(H38:H647) -> 56.818815 | Q38: =COUNT(H38:H647) -> 574 | R38: =LEFT(B38,1) -> 3 | S38: =RIGHT(B38,1) -> 7 | T38: =LEN(B38) -> 2 | U38: =IF(R38=S38,"Match","Mismatch") -> Mismatch
A39: 37 | B39: 38 | D39: 0.76 | E39: 0.194 | F39: 4 | G39: 55 | H39: 59 | I39: =SUM(C39:C648) -> 107.8372 | J39: =AVERAGE(C39:C648) -> 0.19018907 | K39: =COUNT(C39:C648) -> 567 | L39: =SUM(D39:D648) -> 313.23 | M39: =AVERAGE(D39:D648) -> 0.54664921 | N39: =COUNT(D39:D648) -> 573 | O39: =SUM(H39:H648) -> 32539 | P39: =AVERAGE(H39:H648) -> 56.787086 | Q39: =COUNT(H39:H648) -> 573 | R39: =LEFT(B39,1) -> 3 | S39: =RIGHT(B39,1) -> 8 | T39: =LEN(B39) -> 2 | U39: =IF(R39=S39,"Match","Mismatch") -> Mismatch
A40: 38 | B40: 39 | C40: 0.3333 | D40: 0.81 | E40: 0.1642 | F40: 19 | G40: 55 | H40: 74 | I40: =SUM(C40:C649) -> 107.8372 | J40: =AVERAGE(C40:C649) -> 0.19018907 | K40: =COUNT(C40:C649) -> 567 | L40: =SUM(D40:D649) -> 312.47 | M40: =AVERAGE(D40:D649) -> 0.54627622 | N40: =COUNT(D40:D649) -> 572 | O40: =SUM(H40:H649) -> 32480 | P40: =AVERAGE(H40:H649) -> 56.783217 | Q40: =COUNT(H40:H649) -> 572 | R40: =LEFT(B40,1) -> 3 | S40: =RIGHT(B40,1) -> 9 | T40: =LEN(B40) -> 2 | U40: =IF(R40=S40,"Match","Mismatch") -> Mismatch
A41: 39 | B41: 40 | C41: 0.3333 | D41: 0.71 | E41: 0.1642 | F41: 9 | G41: 67 | H41: 76 | I41: =SUM(C41:C650) -> 107.5039 | J41: =AVERAGE(C41:C650) -> 0.18993622 | K41: =COUNT(C41:C650) -> 566 | L41: =SUM(D41:D650) -> 311.66 | M41: =AVERAGE(D41:D650) -> 0.54581436 | N41: =COUNT(D41:D650) -> 571 | O41: =SUM(H41:H650) -> 32406 | P41: =AVERAGE(H41:H650) -> 56.753065 | Q41: =COUNT(H41:H650) -> 571 | R41: =LEFT(B41,1) -> 4 | S41: =RIGHT(B41,1) -> 0 | T41: =LEN(B41) -> 2 | U41: =IF(R41=S41,"Match","Mismatch") -> Mismatch
A42: 40 | B42: 41 | C42: 0.3333 | D42: 0.57 | E42: 0.194 | F42: 7 | G42: 58 | H42: 65 | I42: =SUM(C42:C651) -> 107.1706 | J42: =AVERAGE(C42:C651) -> 0.18968248 | K42: =COUNT(C42:C651) -> 565 | L42: =SUM(D42:D651) -> 310.95 | M42: =AVERAGE(D42:D651) -> 0.54552632 | N42: =COUNT(D42:D651) -> 570 | O42: =SUM(H42:H651) -> 32330 | P42: =AVERAGE(H42:H651) -> 56.719298 | Q42: =COUNT(H42:H651) -> 570 | R42: =LEFT(B42,1) -> 4 | S42: =RIGHT(B42,1) -> 1 | T42: =LEN(B42) -> 2 | U42: =IF(R42=S42,"Match","Mismatch") -> Mismatch
A43: 41 | B43: 42 | C43: 0.3333 | D43: 0.46 | E43: 0.3284 | F43: 10 | G43: 43 | H43: 53 | I43: =SUM(C43:C652) -> 106.8373 | J43: =AVERAGE(C43:C652) -> 0.18942784 | K43: =COUNT(C43:C652) -> 564 | L43: =SUM(D43:D652) -> 310.38 | M43: =AVERAGE(D43:D652) -> 0.5454833 | N43: =COUNT(D43:D652) -> 569 | O43: =SUM(H43:H652) -> 32265 | P43: =AVERAGE(H43:H652) -> 56.704745 | Q43: =COUNT(H43:H652) -> 569 | R43: =LEFT(B43,1) -> 4 | S43: =RIGHT(B43,1) -> 2 | T43: =LEN(B43) -> 2 | U43: =IF(R43=S43,"Match","Mismatch") -> Mismatch
A44: 42 | B44: 43 | C44: 0.2879 | D44: 0.42 | E44: 0.4478 | F44: 1 | G44: 29 | H44: 30 | I44: =SUM(C44:C653) -> 106.504 | J44: =AVERAGE(C44:C653) -> 0.18917229 | K44: =COUNT(C44:C653) -> 563 | L44: =SUM(D44:D653) -> 309.92 | M44: =AVERAGE(D44:D653) -> 0.5456338 | N44: =COUNT(D44:D653) -> 568 | O44: =SUM(H44:H653) -> 32212 | P44: =AVERAGE(H44:H653) -> 56.711268 | Q44: =COUNT(H44:H653) -> 568 | R44: =LEFT(B44,1) -> 4 | S44: =RIGHT(B44,1) -> 3 | T44: =LEN(B44) -> 2 | U44: =IF(R44=S44,"Match","Mismatch") -> Mismatch
A45: 43 | B45: 44 | D45: 0.39 | E45: 0.3582 | F45: 5 | G45: 17 | H45: 22 | I45: =SUM(C45:C654) -> 106.2161 | J45: =AVERAGE(C45:C654) -> 0.18899662 | K45: =COUNT(C45:C654) -> 562 | L45: =SUM(D45:D654) -> 309.5 | M45: =AVERAGE(D45:D654) -> 0.54585538 | N45: =COUNT(D45:D654) -> 567 | O45: =SUM(H45:H654) -> 32182 | P45: =AVERAGE(H45:H654) -> 56.758377 | Q45: =COUNT(H45:H654) -> 567 | R45: =LEFT(B45,1) -> 4 | S45: =RIGHT(B45,1) -> 4 | T45: =LEN(B45) -> 2 | U45: =IF(R45=S45,"Match","Mismatch") -> Match
A46: 44 | B46: 45 | C46: 0.2273 | D46: 0.44 | E46: 0.3284 | F46: 11 | G46: 20 | H46: 31 | I46: =SUM(C46:C655) -> 106.2161 | J46: =AVERAGE(C46:C655) -> 0.18899662 | K46: =COUNT(C46:C655) -> 562 | L46: =SUM(D46:D655) -> 309.11 | M46: =AVERAGE(D46:D655) -> 0.54613074 | N46: =COUNT(D46:D655) -> 566 | O46: =SUM(H46:H655) -> 32160 | P46: =AVERAGE(H46:H655) -> 56.819788 | Q46: =COUNT(H46:H655) -> 566 | R46: =LEFT(B46,1) -> 4 | S46: =RIGHT(B46,1) -> 5 | T46: =LEN(B46) -> 2 | U46: =IF(R46=S46,"Match","Mismatch") -> Mismatch
A47: 45 | B47: 46 | C47: 0.2121 | D47: 0.44 | E47: 0.2985 | F47: 0 | G47: 9 | H47: 9 | I47: =SUM(C47:C656) -> 105.9888 | J47: =AVERAGE(C47:C656) -> 0.18892834 | K47: =COUNT(C47:C656) -> 561 | L47: =SUM(D47:D656) -> 308.67 | M47: =AVERAGE(D47:D656) -> 0.54631858 | N47: =COUNT(D47:D656) -> 565 | O47: =SUM(H47:H656) -> 32129 | P47: =AVERAGE(H47:H656) -> 56.865487 | Q47: =COUNT(H47:H656) -> 565 | R47: =LEFT(B47,1) -> 4 | S47: =RIGHT(B47,1) -> 6 | T47: =LEN(B47) -> 2 | U47: =IF(R47=S47,"Match","Mismatch") -> Mismatch
A48: 46 | B48: 47 | C48: 0.2273 | D48: 0.47 | E48: 0.1642 | F48: 0 | G48: 8 | H48: 8 | I48: =SUM(C48:C657) -> 105.7767 | J48: =AVERAGE(C48:C657) -> 0.18888696 | K48: =COUNT(C48:C657) -> 560 | L48: =SUM(D48:D657) -> 308.23 | M48: =AVERAGE(D48:D657) -> 0.54650709 | N48: =COUNT(D48:D657) -> 564 | O48: =SUM(H48:H657) -> 32120 | P48: =AVERAGE(H48:H657) -> 56.950355 | Q48: =COUNT(H48:H657) -> 564 | R48: =LEFT(B48,1) -> 4 | S48: =RIGHT(B48,1) -> 7 | T48: =LEN(B48) -> 2 | U48: =IF(R48=S48,"Match","Mismatch") -> Mismatch
A49: 47 | B49: 48 | C49: 0.197 | D49: 0.44 | E49: 0.3582 | F49: 0 | G49: 5 | H49: 5 | I49: =SUM(C49:C658) -> 105.5494 | J49: =AVERAGE(C49:C658) -> 0.18881825 | K49: =COUNT(C49:C658) -> 559 | L49: =SUM(D49:D658) -> 307.76 | M49: =AVERAGE(D49:D658) -> 0.54664298 | N49: =COUNT(D49:D658) -> 563 | O49: =SUM(H49:H658) -> 32112 | P49: =AVERAGE(H49:H658) -> 57.0373 | Q49: =COUNT(H49:H658) -> 563 | R49: =LEFT(B49,1) -> 4 | S49: =RIGHT(B49,1) -> 8 | T49: =LEN(B49) -> 2 | U49: =IF(R49=S49,"Match","Mismatch") -> Mismatch
A50: 48 | B50: 49 | D50: 0.44 | E50: 0.4179 | F50: 0 | G50: 2 | H50: 2 | I50: =SUM(C50:C659) -> 105.3524 | J50: =AVERAGE(C50:C659) -> 0.18880358 | K50: =COUNT(C50:C659) -> 558 | L50: =SUM(D50:D659) -> 307.32 | M50: =AVERAGE(D50:D659) -> 0.54683274 | N50: =COUNT(D50:D659) -> 562 | O50: =SUM(H50:H659) -> 32107 | P50: =AVERAGE(H50:H659) -> 57.129893 | Q50: =COUNT(H50:H659) -> 562 | R50: =LEFT(B50,1) -> 4 | S50: =RIGHT(B50,1) -> 9 | T50: =LEN(B50) -> 2 | U50: =IF(R50=S50,"Match","Mismatch") -> Mismatch
A51: 49 | B51: 50 | C51: 0.1364 | D51: 0.47 | E51: 0.3881 | F51: 0 | G51: 1 | H51: 1 | I51: =SUM(C51:C660) -> 105.3524 | J51: =AVERAGE(C51:C660) -> 0.18880358 | K51: =COUNT(C51:C660) -> 558 | L51: =SUM(D51:D660) -> 306.88 | M51: =AVERAGE(D51:D660) -> 0.54702317 | N51: =COUNT(D51:D660) -> 561 | O51: =SUM(H51:H660) -> 32105 | P51: =AVERAGE(H51:H660) -> 57.228164 | Q51: =COUNT(H51:H660) -> 561 | R51: =LEFT(B51,1) -> 5 | S51: =RIGHT(B51,1) -> 0 | T51: =LEN(B51) -> 2 | U51: =IF(R51=S51,"Match","Mismatch") -> Mismatch
A52: 50 | B52: 51 | C52: 0.1364 | D52: 0.47 | E52: 0.2836 | F52: 0 | G52: 3 | H52: 3 | I52: =SUM(C52:C661) -> 105.216 | J52: =AVERAGE(C52:C661) -> 0.18889767 | K52: =COUNT(C52:C661) -> 557 | L52: =SUM(D52:D661) -> 306.41 | M52: =AVERAGE(D52:D661) -> 0.54716071 | N52: =COUNT(D52:D661) -> 560 | O52: =SUM(H52:H661) -> 32104 | P52: =AVERAGE(H52:H661) -> 57.328571 | Q52: =COUNT(H52:H661) -> 560 | R52: =LEFT(B52,1) -> 5 | S52: =RIGHT(B52,1) -> 1 | T52: =LEN(B52) -> 2 | U52: =IF(R52=S52,"Match","Mismatch") -> Mismatch
A53: 51 | B53: 52 | C53: 0.1061 | D53: 0.5 | E53: 0.3881 | F53: 0 | G53: 30 | H53: 30 | I53: =SUM(C53:C662) -> 105.0796 | J53: =AVERAGE(C53:C662) -> 0.18899209 | K53: =COUNT(C53:C662) -> 556 | L53: =SUM(D53:D662) -> 305.94 | M53: =AVERAGE(D53:D662) -> 0.54729875 | N53: =COUNT(D53:D662) -> 559 | O53: =SUM(H53:H662) -> 32101 | P53: =AVERAGE(H53:H662) -> 57.42576 | Q53: =COUNT(H53:H662) -> 559 | R53: =LEFT(B53,1) -> 5 | S53: =RIGHT(B53,1) -> 2 | T53: =LEN(B53) -> 2 | U53: =IF(R53=S53,"Match","Mismatch") -> Mismatch
A54: 52 | B54: 53 | C54: 0.1364 | D54: 0.5 | E54: 0.194 | F54: 1 | G54: 63 | H54: 64 | I54: =SUM(C54:C663) -> 104.9735 | J54: =AVERAGE(C54:C663) -> 0.18914144 | K54: =COUNT(C54:C663) -> 555 | L54: =SUM(D54:D663) -> 305.44 | M54: =AVERAGE(D54:D663) -> 0.54738351 | N54: =COUNT(D54:D663) -> 558 | O54: =SUM(H54:H663) -> 32071 | P54: =AVERAGE(H54:H663) -> 57.47491 | Q54: =COUNT(H54:H663) -> 558 | R54: =LEFT(B54,1) -> 5 | S54: =RIGHT(B54,1) -> 3 | T54: =LEN(B54) -> 2 | U54: =IF(R54=S54,"Match","Mismatch") -> Mismatch
A55: 53 | B55: 54 | C55: 0.1212 | D55: 0.5 | E55: 0.2836 | F55: 1 | G55: 153 | H55: 154 | I55: =SUM(C55:C664) -> 104.8371 | J55: =AVERAGE(C55:C664) -> 0.18923664 | K55: =COUNT(C55:C664) -> 554 | L55: =SUM(D55:D664) -> 304.94 | M55: =AVERAGE(D55:D664) -> 0.54746858 | N55: =COUNT(D55:D664) -> 557 | O55: =SUM(H55:H664) -> 32007 | P55: =AVERAGE(H55:H664) -> 57.463196 | Q55: =COUNT(H55:H664) -> 557 | R55: =LEFT(B55,1) -> 5 | S55: =RIGHT(B55,1) -> 4 | T55: =LEN(B55) -> 2 | U55: =IF(R55=S55,"Match","Mismatch") -> Mismatch
A56: 54 | B56: 55 | C56: 0.1364 | D56: 0.43 | E56: 0.3881 | F56: 7 | G56: 81 | H56: 88 | I56: =SUM(C56:C665) -> 104.7159 | J56: =AVERAGE(C56:C665) -> 0.18935967 | K56: =COUNT(C56:C665) -> 553 | L56: =SUM(D56:D665) -> 304.44 | M56: =AVERAGE(D56:D665) -> 0.54755396 | N56: =COUNT(D56:D665) -> 556 | O56: =SUM(H56:H665) -> 31853 | P56: =AVERAGE(H56:H665) -> 57.289568 | Q56: =COUNT(H56:H665) -> 556 | R56: =LEFT(B56,1) -> 5 | S56: =RIGHT(B56,1) -> 5 | T56: =LEN(B56) -> 2 | U56: =IF(R56=S56,"Match","Mismatch") -> Match
A57: 55 | B57: 56 | C57: 0.1667 | D57: 0.43 | E57: 0.2537 | F57: 11 | G57: 33 | H57: 44 | I57: =SUM(C57:C666) -> 104.5795 | J57: =AVERAGE(C57:C666) -> 0.18945562 | K57: =COUNT(C57:C666) -> 552 | L57: =SUM(D57:D666) -> 304.01 | M57: =AVERAGE(D57:D666) -> 0.54776577 | N57: =COUNT(D57:D666) -> 555 | O57: =SUM(H57:H666) -> 31765 | P57: =AVERAGE(H57:H666) -> 57.234234 | Q57: =COUNT(H57:H666) -> 555 | R57: =LEFT(B57,1) -> 5 | S57: =RIGHT(B57,1) -> 6 | T57: =LEN(B57) -> 2 | U57: =IF(R57=S57,"Match","Mismatch") -> Mismatch
A58: 56 | B58: 57 | C58: 0.1818 | D58: 0.4 | E58: 0.3284 | F58: 10 | G58: 41 | H58: 51 | I58: =SUM(C58:C667) -> 104.4128 | J58: =AVERAGE(C58:C667) -> 0.18949691 | K58: =COUNT(C58:C667) -> 551 | L58: =SUM(D58:D667) -> 303.58 | M58: =AVERAGE(D58:D667) -> 0.54797834 | N58: =COUNT(D58:D667) -> 554 | O58: =SUM(H58:H667) -> 31721 | P58: =AVERAGE(H58:H667) -> 57.258123 | Q58: =COUNT(H58:H667) -> 554 | R58: =LEFT(B58,1) -> 5 | S58: =RIGHT(B58,1) -> 7 | T58: =LEN(B58) -> 2 | U58: =IF(R58=S58,"Match","Mismatch") -> Mismatch
A59: 57 | B59: 58 | C59: 0.2121 | D59: 0.35 | E59: 0.2985 | F59: 13 | G59: 48 | H59: 61 | I59: =SUM(C59:C668) -> 104.231 | J59: =AVERAGE(C59:C668) -> 0.18951091 | K59: =COUNT(C59:C668) -> 550 | L59: =SUM(D59:D668) -> 303.18 | M59: =AVERAGE(D59:D668) -> 0.54824593 | N59: =COUNT(D59:D668) -> 553 | O59: =SUM(H59:H668) -> 31670 | P59: =AVERAGE(H59:H668) -> 57.269439 | Q59: =COUNT(H59:H668) -> 553 | R59: =LEFT(B59,1) -> 5 | S59: =RIGHT(B59,1) -> 8 | T59: =LEN(B59) -> 2 | U59: =IF(R59=S59,"Match","Mismatch") -> Mismatch
A60: 58 | B60: 59 | D60: 0.35 | E60: 0.2836 | F60: 8 | G60: 53 | H60: 61 | I60: =SUM(C60:C669) -> 104.0189 | J60: =AVERAGE(C60:C669) -> 0.18946976 | K60: =COUNT(C60:C669) -> 549 | L60: =SUM(D60:D669) -> 302.83 | M60: =AVERAGE(D60:D669) -> 0.54860507 | N60: =COUNT(D60:D669) -> 552 | O60: =SUM(H60:H669) -> 31609 | P60: =AVERAGE(H60:H669) -> 57.262681 | Q60: =COUNT(H60:H669) -> 552 | R60: =LEFT(B60,1) -> 5 | S60: =RIGHT(B60,1) -> 9 | T60: =LEN(B60) -> 2 | U60: =IF(R60=S60,"Match","Mismatch") -> Mismatch
A61: 59 | B61: 60 | C61: 0.2424 | D61: 0.3 | E61: 0.2836 | F61: 11 | G61: 66 | H61: 77 | I61: =SUM(C61:C670) -> 104.0189 | J61: =AVERAGE(C61:C670) -> 0.18946976 | K61: =COUNT(C61:C670) -> 549 | L61: =SUM(D61:D670) -> 302.48 | M61: =AVERAGE(D61:D670) -> 0.54896552 | N61: =COUNT(D61:D670) -> 551 | O61: =SUM(H61:H670) -> 31548 | P61: =AVERAGE(H61:H670) -> 57.255898 | Q61: =COUNT(H61:H670) -> 551 | R61: =LEFT(B61,1) -> 6 | S61: =RIGHT(B61,1) -> 0 | T61: =LEN(B61) -> 2 | U61: =IF(R61=S61,"Match","Mismatch") -> Mismatch
A62: 60 | B62: 61 | C62: 0.2424 | D62: 0.3 | E62: 0.2537 | F62: 14 | G62: 58 | H62: 72 | I62: =SUM(C62:C671) -> 103.7765 | J62: =AVERAGE(C62:C671) -> 0.18937318 | K62: =COUNT(C62:C671) -> 548 | L62: =SUM(D62:D671) -> 302.18 | M62: =AVERAGE(D62:D671) -> 0.54941818 | N62: =COUNT(D62:D671) -> 550 | O62: =SUM(H62:H671) -> 31471 | P62: =AVERAGE(H62:H671) -> 57.22 | Q62: =COUNT(H62:H671) -> 550 | R62: =LEFT(B62,1) -> 6 | S62: =RIGHT(B62,1) -> 1 | T62: =LEN(B62) -> 2 | U62: =IF(R62=S62,"Match","Mismatch") -> Mismatch
A63: 61 | B63: 62 | C63: 0.2424 | D63: 0.3 | E63: 0.2537 | F63: 9 | G63: 67 | H63: 76 | I63: =SUM(C63:C672) -> 103.5341 | J63: =AVERAGE(C63:C672) -> 0.18927623 | K63: =COUNT(C63:C672) -> 547 | L63: =SUM(D63:D672) -> 301.88 | M63: =AVERAGE(D63:D672) -> 0.5498725 | N63: =COUNT(D63:D672) -> 549 | O63: =SUM(H63:H672) -> 31399 | P63: =AVERAGE(H63:H672) -> 57.193078 | Q63: =COUNT(H63:H672) -> 549 | R63: =LEFT(B63,1) -> 6 | S63: =RIGHT(B63,1) -> 2 | T63: =LEN(B63) -> 2 | U63: =IF(R63=S63,"Match","Mismatch") -> Mismatch
A64: 62 | B64: 63 | C64: 0.2273 | D64: 0.3 | E64: 0.2239 | F64: 11 | G64: 146 | H64: 157 | I64: =SUM(C64:C673) -> 103.2917 | J64: =AVERAGE(C64:C673) -> 0.18917894 | K64: =COUNT(C64:C673) -> 546 | L64: =SUM(D64:D673) -> 301.58 | M64: =AVERAGE(D64:D673) -> 0.55032847 | N64: =COUNT(D64:D673) -> 548 | O64: =SUM(H64:H673) -> 31323 | P64: =AVERAGE(H64:H673) -> 57.158759 | Q64: =COUNT(H64:H673) -> 548 | R64: =LEFT(B64,1) -> 6 | S64: =RIGHT(B64,1) -> 3 | T64: =LEN(B64) -> 2 | U64: =IF(R64=S64,"Match","Mismatch") -> Mismatch
A65: 63 | B65: 64 | C65: 0.2576 | D65: 0.32 | E65: 0.1045 | F65: 9 | G65: 148 | H65: 157 | I65: =SUM(C65:C674) -> 103.0644 | J65: =AVERAGE(C65:C674) -> 0.18910899 | K65: =COUNT(C65:C674) -> 545 | L65: =SUM(D65:D674) -> 301.28 | M65: =AVERAGE(D65:D674) -> 0.55078611 | N65: =COUNT(D65:D674) -> 547 | O65: =SUM(H65:H674) -> 31166 | P65: =AVERAGE(H65:H674) -> 56.976234 | Q65: =COUNT(H65:H674) -> 547 | R65: =LEFT(B65,1) -> 6 | S65: =RIGHT(B65,1) -> 4 | T65: =LEN(B65) -> 2 | U65: =IF(R65=S65,"Match","Mismatch") -> Mismatch
A66: 64 | B66: 65 | C66: 0.2576 | D66: 0.47 | E66: 0 | F66: 8 | G66: 102 | H66: 110 | I66: =SUM(C66:C675) -> 102.8068 | J66: =AVERAGE(C66:C675) -> 0.18898309 | K66: =COUNT(C66:C675) -> 544 | L66: =SUM(D66:D675) -> 300.96 | M66: =AVERAGE(D66:D675) -> 0.55120879 | N66: =COUNT(D66:D675) -> 546 | O66: =SUM(H66:H675) -> 31009 | P66: =AVERAGE(H66:H675) -> 56.79304 | Q66: =COUNT(H66:H675) -> 546 | R66: =LEFT(B66,1) -> 6 | S66: =RIGHT(B66,1) -> 5 | T66: =LEN(B66) -> 2 | U66: =IF(R66=S66,"Match","Mismatch") -> Mismatch
A67: 65 | B67: 66 | D67: 0.47 | E67: 0.1045 | F67: 3 | G67: 49 | H67: 52 | I67: =SUM(C67:C676) -> 102.5492 | J67: =AVERAGE(C67:C676) -> 0.18885672 | K67: =COUNT(C67:C676) -> 543 | L67: =SUM(D67:D676) -> 300.49 | M67: =AVERAGE(D67:D676) -> 0.5513578 | N67: =COUNT(D67:D676) -> 545 | O67: =SUM(H67:H676) -> 30899 | P67: =AVERAGE(H67:H676) -> 56.695413 | Q67: =COUNT(H67:H676) -> 545 | R67: =LEFT(B67,1) -> 6 | S67: =RIGHT(B67,1) -> 6 | T67: =LEN(B67) -> 2 | U67: =IF(R67=S67,"Match","Mismatch") -> Match
A68: 66 | B68: 67 | C68: 0.197 | D68: 0.64 | E68: 0.1343 | F68: 3 | G68: 49 | H68: 52 | I68: =SUM(C68:C677) -> 102.5492 | J68: =AVERAGE(C68:C677) -> 0.18885672 | K68: =COUNT(C68:C677) -> 543 | L68: =SUM(D68:D677) -> 300.02 | M68: =AVERAGE(D68:D677) -> 0.55150735 | N68: =COUNT(D68:D677) -> 544 | O68: =SUM(H68:H677) -> 30847 | P68: =AVERAGE(H68:H677) -> 56.704044 | Q68: =COUNT(H68:H677) -> 544 | R68: =LEFT(B68,1) -> 6 | S68: =RIGHT(B68,1) -> 7 | T68: =LEN(B68) -> 2 | U68: =IF(R68=S68,"Match","Mismatch") -> Mismatch
A69: 67 | B69: 68 | C69: 0.1515 | D69: 0.69 | E69: 0.1343 | F69: 0 | G69: 20 | H69: 20 | I69: =SUM(C69:C678) -> 102.3522 | J69: =AVERAGE(C69:C678) -> 0.1888417 | K69: =COUNT(C69:C678) -> 542 | L69: =SUM(D69:D678) -> 299.38 | M69: =AVERAGE(D69:D678) -> 0.55134438 | N69: =COUNT(D69:D678) -> 543 | O69: =SUM(H69:H678) -> 30795 | P69: =AVERAGE(H69:H678) -> 56.712707 | Q69: =COUNT(H69:H678) -> 543 | R69: =LEFT(B69,1) -> 6 | S69: =RIGHT(B69,1) -> 8 | T69: =LEN(B69) -> 2 | U69: =IF(R69=S69,"Match","Mismatch") -> Mismatch
A70: 68 | B70: 69 | C70: 0.2121 | D70: 0.55 | E70: 0.1045 | F70: 1 | G70: 11 | H70: 12 | I70: =SUM(C70:C679) -> 102.2007 | J70: =AVERAGE(C70:C679) -> 0.18891072 | K70: =COUNT(C70:C679) -> 541 | L70: =SUM(D70:D679) -> 298.69 | M70: =AVERAGE(D70:D679) -> 0.55108856 | N70: =COUNT(D70:D679) -> 542 | O70: =SUM(H70:H679) -> 30775 | P70: =AVERAGE(H70:H679) -> 56.780443 | Q70: =COUNT(H70:H679) -> 542 | R70: =LEFT(B70,1) -> 6 | S70: =RIGHT(B70,1) -> 9 | T70: =LEN(B70) -> 2 | U70: =IF(R70=S70,"Match","Mismatch") -> Mismatch
A71: 69 | B71: 70 | D71: 0.55 | E71: 0.1045 | F71: 0 | G71: 5 | H71: 5 | I71: =SUM(C71:C680) -> 101.9886 | J71: =AVERAGE(C71:C680) -> 0.18886778 | K71: =COUNT(C71:C680) -> 540 | L71: =SUM(D71:D680) -> 298.14 | M71: =AVERAGE(D71:D680) -> 0.55109057 | N71: =COUNT(D71:D680) -> 541 | O71: =SUM(H71:H680) -> 30763 | P71: =AVERAGE(H71:H680) -> 56.863216 | Q71: =COUNT(H71:H680) -> 541 | R71: =LEFT(B71,1) -> 7 | S71: =RIGHT(B71,1) -> 0 | T71: =LEN(B71) -> 2 | U71: =IF(R71=S71,"Match","Mismatch") -> Mismatch
A72: 70 | B72: 71 | C72: 0.1818 | D72: 0.59 | E72: 0.1045 | F72: 0 | G72: 2 | H72: 2 | I72: =SUM(C72:C681) -> 101.9886 | J72: =AVERAGE(C72:C681) -> 0.18886778 | K72: =COUNT(C72:C681) -> 540 | L72: =SUM(D72:D681) -> 297.59 | M72: =AVERAGE(D72:D681) -> 0.55109259 | N72: =COUNT(D72:D681) -> 540 | O72: =SUM(H72:H681) -> 30758 | P72: =AVERAGE(H72:H681) -> 56.959259 | Q72: =COUNT(H72:H681) -> 540 | R72: =LEFT(B72,1) -> 7 | S72: =RIGHT(B72,1) -> 1 | T72: =LEN(B72) -> 2 | U72: =IF(R72=S72,"Match","Mismatch") -> Mismatch
A73: 71 | B73: 72 | C73: 0.1515 | D73: 0.63 | E73: 0.1343 | F73: 0 | G73: 1 | H73: 1 | I73: =SUM(C73:C682) -> 101.8068 | J73: =AVERAGE(C73:C682) -> 0.18888089 | K73: =COUNT(C73:C682) -> 539 | L73: =SUM(D73:D682) -> 297 | M73: =AVERAGE(D73:D682) -> 0.55102041 | N73: =COUNT(D73:D682) -> 539 | O73: =SUM(H73:H682) -> 30756 | P73: =AVERAGE(H73:H682) -> 57.061224 | Q73: =COUNT(H73:H682) -> 539 | R73: =LEFT(B73,1) -> 7 | S73: =RIGHT(B73,1) -> 2 | T73: =LEN(B73) -> 2 | U73: =IF(R73=S73,"Match","Mismatch") -> Mismatch
A74: 72 | B74: 73 | C74: 0.1818 | D74: 0.63 | E74: 0.0896 | F74: 0 | G74: 2 | H74: 2 | I74: =SUM(C74:C683) -> 101.6553 | J74: =AVERAGE(C74:C683) -> 0.18895037 | K74: =COUNT(C74:C683) -> 538 | L74: =SUM(D74:D683) -> 296.37 | M74: =AVERAGE(D74:D683) -> 0.55087361 | N74: =COUNT(D74:D683) -> 538 | O74: =SUM(H74:H683) -> 30755 | P74: =AVERAGE(H74:H683) -> 57.165428 | Q74: =COUNT(H74:H683) -> 538 | R74: =LEFT(B74,1) -> 7 | S74: =RIGHT(B74,1) -> 3 | T74: =LEN(B74) -> 2 | U74: =IF(R74=S74,"Match","Mismatch") -> Mismatch
A75: 73 | B75: 74 | C75: 0.1515 | D75: 0.68 | E75: 0.1045 | F75: 0 | G75: 4 | H75: 4 | I75: =SUM(C75:C684) -> 101.4735 | J75: =AVERAGE(C75:C684) -> 0.18896369 | K75: =COUNT(C75:C684) -> 537 | L75: =SUM(D75:D684) -> 295.74 | M75: =AVERAGE(D75:D684) -> 0.55072626 | N75: =COUNT(D75:D684) -> 537 | O75: =SUM(H75:H684) -> 30753 | P75: =AVERAGE(H75:H684) -> 57.268156 | Q75: =COUNT(H75:H684) -> 537 | R75: =LEFT(B75,1) -> 7 | S75: =RIGHT(B75,1) -> 4 | T75: =LEN(B75) -> 2 | U75: =IF(R75=S75,"Match","Mismatch") -> Mismatch
A76: 74 | B76: 75 | C76: 0.1515 | D76: 0.74 | E76: 0.1045 | F76: 0 | G76: 36 | H76: 36 | I76: =SUM(C76:C685) -> 101.322 | J76: =AVERAGE(C76:C685) -> 0.18903358 | K76: =COUNT(C76:C685) -> 536 | L76: =SUM(D76:D685) -> 295.06 | M76: =AVERAGE(D76:D685) -> 0.55048507 | N76: =COUNT(D76:D685) -> 536 | O76: =SUM(H76:H685) -> 30749 | P76: =AVERAGE(H76:H685) -> 57.367537 | Q76: =COUNT(H76:H685) -> 536 | R76: =LEFT(B76,1) -> 7 | S76: =RIGHT(B76,1) -> 5 | T76: =LEN(B76) -> 2 | U76: =IF(R76=S76,"Match","Mismatch") -> Mismatch
A77: 75 | B77: 76 | C77: 0.1515 | D77: 0.74 | E77: 0.1343 | F77: 2 | G77: 92 | H77: 94 | I77: =SUM(C77:C686) -> 101.1705 | J77: =AVERAGE(C77:C686) -> 0.18910374 | K77: =COUNT(C77:C686) -> 535 | L77: =SUM(D77:D686) -> 294.32 | M77: =AVERAGE(D77:D686) -> 0.55013084 | N77: =COUNT(D77:D686) -> 535 | O77: =SUM(H77:H686) -> 30713 | P77: =AVERAGE(H77:H686) -> 57.407477 | Q77: =COUNT(H77:H686) -> 535 | R77: =LEFT(B77,1) -> 7 | S77: =RIGHT(B77,1) -> 6 | T77: =LEN(B77) -> 2 | U77: =IF(R77=S77,"Match","Mismatch") -> Mismatch
A78: 76 | B78: 77 | C78: 0.1515 | D78: 0.69 | E78: 0.1642 | F78: 2 | G78: 177 | H78: 179 | I78: =SUM(C78:C687) -> 101.019 | J78: =AVERAGE(C78:C687) -> 0.18917416 | K78: =COUNT(C78:C687) -> 534 | L78: =SUM(D78:D687) -> 293.58 | M78: =AVERAGE(D78:D687) -> 0.54977528 | N78: =COUNT(D78:D687) -> 534 | O78: =SUM(H78:H687) -> 30619 | P78: =AVERAGE(H78:H687) -> 57.338951 | Q78: =COUNT(H78:H687) -> 534 | R78: =LEFT(B78,1) -> 7 | S78: =RIGHT(B78,1) -> 7 | T78: =LEN(B78) -> 2 | U78: =IF(R78=S78,"Match","Mismatch") -> Match
A79: 77 | B79: 78 | C79: 0.1515 | D79: 0.64 | E79: 0.2239 | F79: 2 | G79: 98 | H79: 100 | I79: =SUM(C79:C688) -> 100.8675 | J79: =AVERAGE(C79:C688) -> 0.18924484 | K79: =COUNT(C79:C688) -> 533 | L79: =SUM(D79:D688) -> 292.89 | M79: =AVERAGE(D79:D688) -> 0.5495122 | N79: =COUNT(D79:D688) -> 533 | O79: =SUM(H79:H688) -> 30440 | P79: =AVERAGE(H79:H688) -> 57.110694 | Q79: =COUNT(H79:H688) -> 533 | R79: =LEFT(B79,1) -> 7 | S79: =RIGHT(B79,1) -> 8 | T79: =LEN(B79) -> 2 | U79: =IF(R79=S79,"Match","Mismatch") -> Mismatch
A80: 78 | B80: 79 | C80: 0.1364 | D80: 0.69 | E80: 0.3284 | F80: 5 | G80: 37 | H80: 42 | I80: =SUM(C80:C689) -> 100.716 | J80: =AVERAGE(C80:C689) -> 0.18931579 | K80: =COUNT(C80:C689) -> 532 | L80: =SUM(D80:D689) -> 292.25 | M80: =AVERAGE(D80:D689) -> 0.54934211 | N80: =COUNT(D80:D689) -> 532 | O80: =SUM(H80:H689) -> 30340 | P80: =AVERAGE(H80:H689) -> 57.030075 | Q80: =COUNT(H80:H689) -> 532 | R80: =LEFT(B80,1) -> 7 | S80: =RIGHT(B80,1) -> 9 | T80: =LEN(B80) -> 2 | U80: =IF(R80=S80,"Match","Mismatch") -> Mismatch
A81: 79 | B81: 80 | C81: 0.2121 | D81: 0.51 | E81: 0.2985 | F81: 7 | G81: 50 | H81: 57 | I81: =SUM(C81:C690) -> 100.5796 | J81: =AVERAGE(C81:C690) -> 0.18941544 | K81: =COUNT(C81:C690) -> 531 | L81: =SUM(D81:D690) -> 291.56 | M81: =AVERAGE(D81:D690) -> 0.54907721 | N81: =COUNT(D81:D690) -> 531 | O81: =SUM(H81:H690) -> 30298 | P81: =AVERAGE(H81:H690) -> 57.05838 | Q81: =COUNT(H81:H690) -> 531 | R81: =LEFT(B81,1) -> 8 | S81: =RIGHT(B81,1) -> 0 | T81: =LEN(B81) -> 2 | U81: =IF(R81=S81,"Match","Mismatch") -> Mismatch
A82: 80 | B82: 81 | C82: 0.2273 | D82: 0.51 | E82: 0.1642 | F82: 12 | G82: 66 | H82: 78 | I82: =SUM(C82:C691) -> 100.3675 | J82: =AVERAGE(C82:C691) -> 0.18937264 | K82: =COUNT(C82:C691) -> 530 | L82: =SUM(D82:D691) -> 291.05 | M82: =AVERAGE(D82:D691) -> 0.54915094 | N82: =COUNT(D82:D691) -> 530 | O82: =SUM(H82:H691) -> 30241 | P82: =AVERAGE(H82:H691) -> 57.058491 | Q82: =COUNT(H82:H691) -> 530 | R82: =LEFT(B82,1) -> 8 | S82: =RIGHT(B82,1) -> 1 | T82: =LEN(B82) -> 2 | U82: =IF(R82=S82,"Match","Mismatch") -> Mismatch
A83: 81 | B83: 82 | C83: 0.2273 | D83: 0.56 | E83: 0.194 | F83: 18 | G83: 79 | H83: 97 | I83: =SUM(C83:C692) -> 100.1402 | J83: =AVERAGE(C83:C692) -> 0.18930095 | K83: =COUNT(C83:C692) -> 529 | L83: =SUM(D83:D692) -> 290.54 | M83: =AVERAGE(D83:D692) -> 0.54922495 | N83: =COUNT(D83:D692) -> 529 | O83: =SUM(H83:H692) -> 30163 | P83: =AVERAGE(H83:H692) -> 57.018904 | Q83: =COUNT(H83:H692) -> 529 | R83: =LEFT(B83,1) -> 8 | S83: =RIGHT(B83,1) -> 2 | T83: =LEN(B83) -> 2 | U83: =IF(R83=S83,"Match","Mismatch") -> Mismatch
... A611: 609 | B611: 610 | C611: 0.2576 | D611: 0.86 | E611: 0 | F611: 1 | G611: 40 | H611: 41 | I611: =SUM(C611:C1220) -> 0.2576 | J611: =AVERAGE(C611:C1220) -> 0.2576 | K611: =COUNT(C611:C1220) -> 1 | L611: =SUM(D611:D1220) -> 0.86 | M611: =AVERAGE(D611:D1220) -> 0.86 | N611: =COUNT(D611:D1220) -> 1 | O611: =SUM(H611:H1220) -> 41 | P611: =AVERAGE(H611:H1220) -> 41 | Q611: =COUNT(H611:H1220) -> 1 | R611: =LEFT(B611,1) -> 6 | S611: =RIGHT(B611,1) -> 0 | T611: =LEN(B611) -> 3 | U611: =IF(R611=S611,"Match","Mismatch") -> Mismatch

Sheet Average User Demand by Hour
A3: hr | B3: Sum of cnt
A4: 0 | B4: 333
A5: 1 | B5: 221
A6: 2 | B6: 124
A7: 3 | B7: 75
A8: 4 | B8: 31
A9: 5 | B9: 69
A10: 6 | B10: 346
A11: 7 | B11: 946
A12: 8 | B12: 2070
A13: 9 | B13: 1476
A14: 10 | B14: 952
A15: 11 | B15: 1039
... A28: 4558 | B28: 24406
A29: Grand Total | B29: 48812

Sheet Average User Demand by Weather
A3: weathersit | B3: Sum of Avg cnt
A4: 1 | B4: 29711.652
A5: 2 | B5: 14356.471
A6: 3 | B6: 4619.0384
A7: 579
A8: Grand Total | B8: 48687.161

Sheet Weekend vs Weekday User Demand
A3: DayType | B3: Sum of cnt
A4: Weekday | B4: 16523
A5: Weekend | B5: 7883
A6: (blank) | B6: 24406
A7: Grand Total | B7: 48812

Sheet dataset_3
A1: instant | B1: dteday | C1: season | D1: yr | E1: mnth | F1: hr | G1: holiday | H1: weekday | I1: weathersit | J1: temp | K1: atemp | L1: hum | M1: windspeed | N1: casual | O1: registered | P1: cnt | Q1: DayType | R1: total cnt | S1: Avg cnt | T1: count cnt | U1: Lefy DayType | V1: Right DatType | W1: Lenght DayType | X1: Atemp | Y1: Countif | Z1: sumif | AA1: Stdev | AB1: Correl | AC1: Anomaly Detection
A2: 620 | B2: 29-01-2011 | C2: 1 | D2: 0 | E2: 1 | F2: 1 | G2: FALSE | H2: 6 | I2: 1 | J2: 0.22 | K2: 0.2273 | L2: 0.64 | M2: 0.194 | N2: 0 | O2: 20 | P2: 20 | Q2: =IF(H2=0,"Weekend",IF(H2=6,"Weekend","Weekday")) -> Weekend | R2: =SUM(P2:P391) -> 24406 | S2: =AVERAGE($P$2:$P$392) -> 124.83887 | T2: =COUNT(P2:P392) -> 391 | U2: =LEFT(Q3,3) -> Wee | V2: =RIGHT(Q3,4) -> kend | W2: =LEN(Q2) -> 7 | X2: =INDEX(K:K,MATCH(A2,A:A,0)) -> 0.2273 | Y2: =COUNTIF(P:P,">100") -> 82 | Z2: =SUMIF(Q:Q,"Weekend",P:P) -> 7883 | AA2: =STDEV(P:P) -> 1232.2489 | AB2: =CORREL(J:J,P:P) -> 0.99911574 | AC2: =IF(ABS(P2-AVERAGE($P$2:$P$784))>2*STDEV($P$2:$P$784),"ANOMALY","Normal") -> Normal
A3: 621 | B3: 29-01-2011 | C3: 1 | D3: 0 | E3: 1 | F3: 2 | G3: FALSE | H3: 6 | I3: 1 | J3: 0.22 | K3: 0.2273 | L3: 0.64 | M3: 0.1642 | N3: 0 | O3: 15 | P3: 15 | Q3: =IF(H3=0,"Weekend",IF(H3=6,"Weekend","Weekday")) -> Weekend | R3: =SUM(P3:P392) -> 48792 | S3: =AVERAGE($P$2:$P$392) -> 124.83887 | T3: =COUNT(P3:P393) -> 390 | U3: =LEFT(Q4,3) -> Wee | V3: =RIGHT(Q4,4) -> kend | W3: =LEN(Q3) -> 7 | X3: =INDEX(K:K,MATCH(A3,A:A,0)) -> 0.2273 | Y3: =COUNTIF(P:P,">100") -> 82 | Z3: =SUMIF(Q:Q,"Weekend",P:P) -> 7883 | AA3: =STDEV(P:P) -> 1232.2489 | AB3: =CORREL(J:J,P:P) -> 0.99911574 | AC3: =IF(ABS(P3-AVERAGE($P$2:$P$784))>2*STDEV($P$2:$P$784),"ANOMALY","Normal") -> Normal
A4: 622 | B4: 29-01-2011 | C4: 1 | D4: 0 | E4: 1 | F4: 3 | G4: FALSE | H4: 6 | I4: 1 | J4: 0.2 | K4: 0.2121 | L4: 0.64 | M4: 0.1343 | N4: 3 | O4: 5 | P4: 8 | Q4: =IF(H4=0,"Weekend",IF(H4=6,"Weekend","Weekday")) -> Weekend | R4: =SUM(P4:P393) -> 48777 | S4: =AVERAGE($P$2:$P$392) -> 124.83887 | T4: =COUNT(P4:P394) -> 389 | U4: =LEFT(Q5,3) -> Wee | V4: =RIGHT(Q5,4) -> kend | W4: =LEN(Q4) -> 7 | X4: =INDEX(K:K,MATCH(A4,A:A,0)) -> 0.2121 | Y4: =COUNTIF(P:P,">100") -> 82 | Z4: =SUMIF(Q:Q,"Weekend",P:P) -> 7883 | AA4: =STDEV(P:P) -> 1232.2489 | AB4: =CORREL(J:J,P:P) -> 0.99911574 | AC4: =IF(ABS(P4-AVERAGE($P$2:$P$784))>2*STDEV($P$2:$P$784),"ANOMALY","Normal") -> Normal
A5: 623 | B5: 29-01-2011 | C5: 1 | D5: 0 | E5: 1 | F5: 4 | G5: FALSE | H5: 6 | I5: 1 | J5: 0.16 | K5: 0.1818 | L5: 0.69 | M5: 0.1045 | N5: 1 | O5: 2 | P5: 3 | Q5: =IF(H5=0,"Weekend",IF(H5=6,"Weekend","Weekday")) -> Weekend | R5: =SUM(P5:P394) -> 48769 | S5: =AVERAGE($P$2:$P$392) -> 124.83887 | T5: =COUNT(P5:P395) -> 388 | U5: =LEFT(Q6,3) -> Wee | V5: =RIGHT(Q6,4) -> kend | W5: =LEN(Q5) -> 7 | X5: =INDEX(K:K,MATCH(A5,A:A,0)) -> 0.1818 | Y5: =COUNTIF(P:P,">100") -> 82 | Z5: =SUMIF(Q:Q,"Weekend",P:P) -> 7883 | AA5: =STDEV(P:P) -> 1232.2489 | AB5: =CORREL(J:J,P:P) -> 0.99911574 | AC5: =IF(ABS(P5-AVERAGE($P$2:$P$784))>2*STDEV($P$2:$P$784),"ANOMALY","Normal") -> Normal
A6: 624 | B6: 29-01-2011 | C6: 1 | D6: 0 | E6: 1 | F6: 6 | G6: FALSE | H6: 6 | I6: 1 | J6: 0.16 | K6: 0.1818 | L6: 0.64 | M6: 0.1343 | N6: 0 | O6: 2 | P6: 2 | Q6: =IF(H6=0,"Weekend",IF(H6=6,"Weekend","Weekday")) -> Weekend | R6: =SUM(P6:P395) -> 48766 | S6: =AVERAGE($P$2:$P$392) -> 124.83887 | T6: =COUNT(P6:P396) -> 387 | U6: =LEFT(Q7,3) -> Wee | V6: =RIGHT(Q7,4) -> kend | W6: =LEN(Q6) -> 7 | X6: =INDEX(K:K,MATCH(A6,A:A,0)) -> 0.1818 | Y6: =COUNTIF(P:P,">100") -> 82 | Z6: =SUMIF(Q:Q,"Weekend",P:P) -> 7883 | AA6: =STDEV(P:P) -> 1232.2489 | AB6: =CORREL(J:J,P:P) -> 0.99911574 | AC6: =IF(ABS(P6-AVERAGE($P$2:$P$784))>2*STDEV($P$2:$P$784),"ANOMALY","Normal") -> Normal
A7: 625 | B7: 29-01-2011 | C7: 1 | D7: 0 | E7: 1 | F7: 7 | G7: FALSE | H7: 6 | I7: 1 | J7: 0.16 | K7: 0.1818 | L7: 0.59 | M7: 0.1045 | N7: 1 | O7: 4 | P7: 5 | Q7: =IF(H7=0,"Weekend",IF(H7=6,"Weekend","Weekday")) -> Weekend | R7: =SUM(P7:P396) -> 48764 | S7: =AVERAGE($P$2:$P$392) -> 124.83887 | T7: =COUNT(P7:P397) -> 386 | U7: =LEFT(Q8,3) -> Wee | V7: =RIGHT(Q8,4) -> kend | W7: =LEN(Q7) -> 7 | X7: =INDEX(K:K,MATCH(A7,A:A,0)) -> 0.1818 | Y7: =COUNTIF(P:P,">100") -> 82 | Z7: =SUMIF(Q:Q,"Weekend",P:P) -> 7883 | AA7: =STDEV(P:P) -> 1232.2489 | AB7: =CORREL(J:J,P:P) -> 0.99911574 | AC7: =IF(ABS(P7-AVERAGE($P$2:$P$784))>2*STDEV($P$2:$P$784),"ANOMALY","Normal") -> Normal
A8: 626 | B8: 29-01-2011 | C8: 1 | D8: 0 | E8: 1 | F8: 8 | G8: FALSE | H8: 6 | I8: 1 | J8: 0.18 | K8: 0.197 | L8: 0.55 | M8: 0.1642 | N8: 3 | O8: 31 | P8: 34 | Q8: =IF(H8=0,"Weekend",IF(H8=6,"Weekend","Weekday")) -> Weekend | R8: =SUM(P8:P397) -> 48759 | S8: =AVERAGE($P$2:$P$392) -> 124.83887 | T8: =COUNT(P8:P398) -> 385 | U8: =LEFT(Q9,3) -> Wee | V8: =RIGHT(Q9,4) -> kend | W8: =LEN(Q8) -> 7 | X8: =INDEX(K:K,MATCH(A8,A:A,0)) -> 0.197 | Y8: =COUNTIF(P:P,">100") -> 82 | Z8: =SUMIF(Q:Q,"Weekend",P:P) -> 7883 | AA8: =STDEV(P:P) -> 1232.2489 | AB8: =CORREL(J:J,P:P) -> 0.99911574 | AC8: =IF(ABS(P8-AVERAGE($P$2:$P$784))>2*STDEV($P$2:$P$784),"ANOMALY","Normal") -> Normal
A9: 627 | B9: 29-01-2011 | C9: 1 | D9: 0 | E9: 1 | F9: 9 | G9: FALSE | H9: 6 | I9: 1 | J9: 0.18 | K9: 0.2121 | L9: 0.59 | M9: 0.0896 | N9: 0 | O9: 34 | P9: 34 | Q9: =IF(H9=0,"Weekend",IF(H9=6,"Weekend","Weekday")) -> Weekend | R9: =SUM(P9:P398) -> 48725 | S9: =AVERAGE($P$2:$P$392) -> 124.83887 | T9: =COUNT(P9:P399) -> 384 | U9: =LEFT(Q10,3) -> Wee | V9: =RIGHT(Q10,4) -> kend | W9: =LEN(Q9) -> 7 | X9: =INDEX(K:K,MATCH(A9,A:A,0)) -> 0.2121 | Y9: =COUNTIF(P:P,">100") -> 82 | Z9: =SUMIF(Q:Q,"Weekend",P:P) -> 7883 | AA9: =STDEV(P:P) -> 1232.2489 | AB9: =CORREL(J:J,P:P) -> 0.99911574 | AC9: =IF(ABS(P9-AVERAGE($P$2:$P$784))>2*STDEV($P$2:$P$784),"ANOMALY","Normal") -> Normal
A10: 628 | B10: 29-01-2011 | C10: 1 | D10: 0 | E10: 1 | F10: 10 | G10: FALSE | H10: 6 | I10: 2 | J10: 0.18 | K10: 0.2121 | L10: 0.64 | M10: 0.1045 | N10: 4 | O10: 51 | P10: 55 | Q10: =IF(H10=0,"Weekend",IF(H10=6,"Weekend","Weekday")) -> Weekend | R10: =SUM(P10:P399) -> 48691 | S10: =AVERAGE($P$2:$P$392) -> 124.83887 | T10: =COUNT(P10:P400) -> 383 | U10: =LEFT(Q11,3) -> Wee | V10: =RIGHT(Q11,4) -> kend | W10: =LEN(Q10) -> 7 | X10: =INDEX(K:K,MATCH(A10,A:A,0)) -> 0.2121 | Y10: =COUNTIF(P:P,">100") -> 82 | Z10: =SUMIF(Q:Q,"Weekend",P:P) -> 7883 | AA10: =STDEV(P:P) -> 1232.2489 | AB10: =CORREL(J:J,P:P) -> 0.99911574 | AC10: =IF(ABS(P10-AVERAGE($P$2:$P$784))>2*STDEV($P$2:$P$784),"ANOMALY","Normal") -> Normal
A11: 629 | B11: 29-01-2011 | C11: 1 | D11: 0 | E11: 1 | F11: 11 | G11: FALSE | H11: 6 | I11: 2 | J11: 0.18 | K11: 0.197 | L11: 0.64 | M11: 0.1343 | N11: 4 | O11: 60 | P11: 64 | Q11: =IF(H11=0,"Weekend",IF(H11=6,"Weekend","Weekday")) -> Weekend | R11: =SUM(P11:P400) -> 48636 | S11: =AVERAGE($P$2:$P$392) -> 124.83887 | T11: =COUNT(P11:P401) -> 382 | U11: =LEFT(Q12,3) -> Wee | V11: =RIGHT(Q12,4) -> kend | W11: =LEN(Q11) -> 7 | X11: =INDEX(K:K,MATCH(A11,A:A,0)) -> 0.197 | Y11: =COUNTIF(P:P,">100") -> 82 | Z11: =SUMIF(Q:Q,"Weekend",P:P) -> 7883 | AA11: =STDEV(P:P) -> 1232.2489 | AB11: =CORREL(J:J,P:P) -> 0.99911574 | AC11: =IF(ABS(P11-AVERAGE($P$2:$P$784))>2*STDEV($P$2:$P$784),"ANOMALY","Normal") -> Normal
A12: 630 | B12: 29-01-2011 | C12: 1 | D12: 0 | E12: 1 | F12: 12 | G12: FALSE | H12: 6 | I12: 2 | J12: 0.2 | K12: 0.197 | L12: 0.59 | M12: 0.194 | N12: 12 | O12: 66 | P12: 78 | Q12: =IF(H12=0,"Weekend",IF(H12=6,"Weekend","Weekday")) -> Weekend | R12: =SUM(P12:P401) -> 48572 | S12: =AVERAGE($P$2:$P$392) -> 124.83887 | T12: =COUNT(P12:P402) -> 381 | U12: =LEFT(Q13,3) -> Wee | V12: =RIGHT(Q13,4) -> kend | W12: =LEN(Q12) -> 7 | X12: =INDEX(K:K,MATCH(A12,A:A,0)) -> 0.197 | Y12: =COUNTIF(P:P,">100") -> 82 | Z12: =SUMIF(Q:Q,"Weekend",P:P) -> 7883 | AA12: =STDEV(P:P) -> 1232.2489 | AB12: =CORREL(J:J,P:P) -> 0.99911574 | AC12: =IF(ABS(P12-AVERAGE($P$2:$P$784))>2*STDEV($P$2:$P$784),"ANOMALY","Normal") -> Normal
A13: 631 | B13: 29-01-2011 | C13: 1 | D13: 0 | E13: 1 | F13: 13 | G13: FALSE | H13: 6 | I13: 2 | J13: 0.22 | K13: 0.2273 | L13: 0.55 | M13: 0.1642 | N13: 9 | O13: 56 | P13: 65 | Q13: =IF(H13=0,"Weekend",IF(H13=6,"Weekend","Weekday")) -> Weekend | R13: =SUM(P13:P402) -> 48494 | S13: =AVERAGE($P$2:$P$392) -> 124.83887 | T13: =COUNT(P13:P403) -> 380 | U13: =LEFT(Q14,3) -> Wee | V13: =RIGHT(Q14,4) -> kend | W13: =LEN(Q13) -> 7 | X13: =INDEX(K:K,MATCH(A13,A:A,0)) -> 0.2273 | Y13: =COUNTIF(P:P,">100") -> 82 | Z13: =SUMIF(Q:Q,"Weekend",P:P) -> 7883 | AA13: =STDEV(P:P) -> 1232.2489 | AB13: =CORREL(J:J,P:P) -> 0.99911574 | AC13: =IF(ABS(P13-AVERAGE($P$2:$P$784))>2*STDEV($P$2:$P$784),"ANOMALY","Normal") -> Normal
... A70: 688 | B70: 31-01-2011 | C70: 1 | D70: 0 | E70: 1 | F70: 23 | G70: FALSE | H70: 1 | I70: 2 | J70: 0.16 | K70: 0.197 | L70: 0.64 | M70: 0.0896 | N70: 2 | O70: 15 | P70: 17 | Q70: =IF(H70=0,"Weekend",IF(H70=6,"Weekend","Weekday")) -> Weekday | R70: =SUM(P70:P459) -> 45162 | S70: =AVERAGE($P$2:$P$392) -> 124.83887 | T70: =COUNT(P70:P460) -> 323 | U70: =LEFT(Q71,3) -> Wee | V70: =RIGHT(Q71,4) -> kday | W70: =LEN(Q70) -> 7 | X70: =INDEX(K:K,MATCH(A70,A:A,0)) -> 0.197 | Y70: =COUNTIF(P:P,">100") -> 82 | Z70: =SUMIF(Q:Q,"Weekend",P:P) -> 7883 | AA70: =STDEV(P:P) -> 1232.2489 | AB70: =CORREL(J:J,P:P) -> 0.99911574 | AC70: =IF(ABS(P70-AVERAGE($P$2:$P$784))>2*STDEV($P$2:$P$784),"ANOMALY","Normal") -> Normal
A71: 689 | B71: 40545 | C71: 1 | D71: 0 | E71: 2 | F71: 0 | G71: FALSE | H71: 2 | I71: 2 | J71: 0.16 | K71: 0.1818 | L71: 0.64 | M71: 0.1045 | N71: 2 | O71: 6 | P71: 8 | Q71: =IF(H71=0,"Weekend",IF(H71=6,"Weekend","Weekday")) -> Weekday | R71: =SUM(P71:P460) -> 45145 | S71: =AVERAGE($P$2:$P$392) -> 124.83887 | T71: =COUNT(P71:P461) -> 322 | U71: =LEFT(Q72,3) -> Wee | V71: =RIGHT(Q72,4) -> kday | W71: =LEN(Q71) -> 7 | X71: =INDEX(K:K,MATCH(A71,A:A,0)) -> 0.1818 | Y71: =COUNTIF(P:P,">100") -> 82 | Z71: =SUMIF(Q:Q,"Weekend",P:P) -> 7883 | AA71: =STDEV(P:P) -> 1232.2489 | AB71: =CORREL(J:J,P:P) -> 0.99911574 | AC71: =IF(ABS(P71-AVERAGE($P$2:$P$784))>2*STDEV($P$2:$P$784),"ANOMALY","Normal") -> Normal
A72: 690 | B72: 40545 | C72: 1 | D72: 0 | E72: 2 | F72: 1 | G72: FALSE | H72: 2 | I72: 2 | J72: 0.16 | K72: 0.1818 | L72: 0.69 | M72: 0.1045 | N72: 0 | O72: 3 | P72: 3 | Q72: =IF(H72=0,"Weekend",IF(H72=6,"Weekend","Weekday")) -> Weekday | R72: =SUM(P72:P461) -> 45137 | S72: =AVERAGE($P$2:$P$392) -> 124.83887 | T72: =COUNT(P72:P462) -> 321 | U72: =LEFT(Q73,3) -> Wee | V72: =RIGHT(Q73,4) -> kday | W72: =LEN(Q72) -> 7 | X72: =INDEX(K:K,MATCH(A72,A:A,0)) -> 0.1818 | Y72: =COUNTIF(P:P,">100") -> 82 | Z72: =SUMIF(Q:Q,"Weekend",P:P) -> 7883 | AA72: =STDEV(P:P) -> 1232.2489 | AB72: =CORREL(J:J,P:P) -> 0.99911574 | AC72: =IF(ABS(P72-AVERAGE($P$2:$P$784))>2*STDEV($P$2:$P$784),"ANOMALY","Normal") -> Normal
A73: 691 | B73: 40545 | C73: 1 | D73: 0 | E73: 2 | F73: 2 | G73: FALSE | H73: 2 | I73: 2 | J73: 0.16 | K73: 0.2273 | L73: 0.69 | M73: 0 | N73: 0 | O73: 2 | P73: 2 | Q73: =IF(H73=0,"Weekend",IF(H73=6,"Weekend","Weekday")) -> Weekday | R73: =SUM(P73:P462) -> 45134 | S73: =AVERAGE($P$2:$P$392) -> 124.83887 | T73: =COUNT(P73:P463) -> 320 | U73: =LEFT(Q74,3) -> Wee | V73: =RIGHT(Q74,4) -> kday | W73: =LEN(Q73) -> 7 | X73: =INDEX(K:K,MATCH(A73,A:A,0)) -> 0.2273 | Y73: =COUNTIF(P:P,">100") -> 82 | Z73: =SUMIF(Q:Q,"Weekend",P:P) -> 7883 | AA73: =STDEV(P:P) -> 1232.2489 | AB73: =CORREL(J:J,P:P) -> 0.99911574 | AC73: =IF(ABS(P73-AVERAGE($P$2:$P$784))>2*STDEV($P$2:$P$784),"ANOMALY","Normal") -> Normal
A74: 692 | B74: 40545 | C74: 1 | D74: 0 | E74: 2 | F74: 3 | G74: FALSE | H74: 2 | I74: 2 | J74: 0.16 | K74: 0.2273 | L74: 0.69 | M74: 0 | N74: 0 | O74: 2 | P74: 2 | Q74: =IF(H74=0,"Weekend",IF(H74=6,"Weekend","Weekday")) -> Weekday | R74: =SUM(P74:P463) -> 45132 | S74: =AVERAGE($P$2:$P$392) -> 124.83887 | T74: =COUNT(P74:P464) -> 319 | U74: =LEFT(Q75,3) -> Wee | V74: =RIGHT(Q75,4) -> kday | W74: =LEN(Q74) -> 7 | X74: =INDEX(K:K,MATCH(A74,A:A,0)) -> 0.2273 | Y74: =COUNTIF(P:P,">100") -> 82 | Z74: =SUMIF(Q:Q,"Weekend",P:P) -> 7883 | AA74: =STDEV(P:P) -> 1232.2489 | AB74: =CORREL(J:J,P:P) -> 0.99911574 | AC74: =IF(ABS(P74-AVERAGE($P$2:$P$784))>2*STDEV($P$2:$P$784),"ANOMALY","Normal") -> Normal
A75: 693 | B75: 40545 | C75: 1 | D75: 0 | E75: 2 | F75: 5 | G75: FALSE | H75: 2 | I75: 3 | J75: 0.14 | K75: 0.2121 | L75: 0.93 | M75: 0 | N75: 0 | O75: 3 | P75: 3 | Q75: =IF(H75=0,"Weekend",IF(H75=6,"Weekend","Weekday")) -> Weekday | R75: =SUM(P75:P464) -> 45130 | S75: =AVERAGE($P$2:$P$392) -> 124.83887 | T75: =COUNT(P75:P465) -> 318 | U75: =LEFT(Q76,3) -> Wee | V75: =RIGHT(Q76,4) -> kday | W75: =LEN(Q75) -> 7 | X75: =INDEX(K:K,MATCH(A75,A:A,0)) -> 0.2121 | Y75: =COUNTIF(P:P,">100") -> 82 | Z75: =SUMIF(Q:Q,"Weekend",P:P) -> 7883 | AA75: =STDEV(P:P) -> 1232.2489 | AB75: =CORREL(J:J,P:P) -> 0.99911574 | AC75: =IF(ABS(P75-AVERAGE($P$2:$P$784))>2*STDEV($P$2:$P$784),"ANOMALY","Normal") -> Normal
A76: 694 | B76: 40545 | C76: 1 | D76: 0 | E76: 2 | F76: 6 | G76: FALSE | H76: 2 | I76: 3 | J76: 0.14 | K76: 0.2121 | L76: 0.93 | M76: 0 | N76: 0 | O76: 22 | P76: 22 | Q76: =IF(H76=0,"Weekend",IF(H76=6,"Weekend","Weekday")) -> Weekday | R76: =SUM(P76:P465) -> 45127 | S76: =AVERAGE($P$2:$P$392) -> 124.83887 | T76: =COUNT(P76:P466) -> 317 | U76: =LEFT(Q77,3) -> Wee | V76: =RIGHT(Q77,4) -> kday | W76: =LEN(Q76) -> 7 | X76: =INDEX(K:K,MATCH(A76,A:A,0)) -> 0.2121 | Y76: =COUNTIF(P:P,">100") -> 82 | Z76: =SUMIF(Q:Q,"Weekend",P:P) -> 7883 | AA76: =STDEV(P:P) -> 1232.2489 | AB76: =CORREL(J:J,P:P) -> 0.99911574 | AC76: =IF(ABS(P76-AVERAGE($P$2:$P$784))>2*STDEV($P$2:$P$784),"ANOMALY","Normal") -> Normal
A77: 695 | B77: 40545 | C77: 1 | D77: 0 | E77: 2 | F77: 7 | G77: FALSE | H77: 2 | I77: 3 | J77: 0.16 | K77: 0.2273 | L77: 0.93 | M77: 0 | N77: 0 | O77: 52 | P77: 52 | Q77: =IF(H77=0,"Weekend",IF(H77=6,"Weekend","Weekday")) -> Weekday | R77: =SUM(P77:P466) -> 45105 | S77: =AVERAGE($P$2:$P$392) -> 124.83887 | T77: =COUNT(P77:P467) -> 316 | U77: =LEFT(Q78,3) -> Wee | V77: =RIGHT(Q78,4) -> kday | W77: =LEN(Q77) -> 7 | X77: =INDEX(K:K,MATCH(A77,A:A,0)) -> 0.2273 | Y77: =COUNTIF(P:P,">100") -> 82 | Z77: =SUMIF(Q:Q,"Weekend",P:P) -> 7883 | AA77: =STDEV(P:P) -> 1232.2489 | AB77: =CORREL(J:J,P:P) -> 0.99911574 | AC77: =IF(ABS(P77-AVERAGE($P$2:$P$784))>2*STDEV($P$2:$P$784),"ANOMALY","Normal") -> Normal
A78: 696 | B78: 40545 | C78: 1 | D78: 0 | E78: 2 | F78: 8 | G78: FALSE | H78: 2 | I78: 3 | J78: 0.16 | K78: 0.2273 | L78: 0.93 | M78: 0 | N78: 3 | O78: 132 | P78: 135 | Q78: =IF(H78=0,"Weekend",IF(H78=6,"Weekend","Weekday")) -> Weekday | R78: =SUM(P78:P467) -> 45053 | S78: =AVERAGE($P$2:$P$392) -> 124.83887 | T78: =COUNT(P78:P468) -> 315 | U78: =LEFT(Q79,3) -> Wee | V78: =RIGHT(Q79,4) -> kday | W78: =LEN(Q78) -> 7 | X78: =INDEX(K:K,MATCH(A78,A:A,0)) -> 0.2273 | Y78: =COUNTIF(P:P,">100") -> 82 | Z78: =SUMIF(Q:Q,"Weekend",P:P) -> 7883 | AA78: =STDEV(P:P) -> 1232.2489 | AB78: =CORREL(J:J,P:P) -> 0.99911574 | AC78: =IF(ABS(P78-AVERAGE($P$2:$P$784))>2*STDEV($P$2:$P$784),"ANOMALY","Normal") -> Normal
A79: 697 | B79: 40545 | C79: 1 | D79: 0 | E79: 2 | F79: 9 | G79: FALSE | H79: 2 | I79: 2 | J79: 0.16 | K79: 0.2273 | L79: 0.93 | M79: 0 | N79: 2 | O79: 114 | P79: 116 | Q79: =IF(H79=0,"Weekend",IF(H79=6,"Weekend","Weekday")) -> Weekday | R79: =SUM(P79:P468) -> 44918 | S79: =AVERAGE($P$2:$P$392) -> 124.83887 | T79: =COUNT(P79:P469) -> 314 | U79: =LEFT(Q80,3) -> Wee | V79: =RIGHT(Q80,4) -> kday | W79: =LEN(Q79) -> 7 | X79: =INDEX(K:K,MATCH(A79,A:A,0)) -> 0.2273 | Y79: =COUNTIF(P:P,">100") -> 82 | Z79: =SUMIF(Q:Q,"Weekend",P:P) -> 7883 | AA79: =STDEV(P:P) -> 1232.2489 | AB79: =CORREL(J:J,P:P) -> 0.99911574 | AC79: =IF(ABS(P79-AVERAGE($P$2:$P$784))>2*STDEV($P$2:$P$784),"ANOMALY","Normal") -> Normal
A80: 698 | B80: 40545 | C80: 1 | D80: 0 | E80: 2 | F80: 10 | G80: FALSE | H80: 2 | I80: 2 | J80: 0.16 | K80: 0.2273 | L80: 0.93 | M80: 0 | N80: 0 | O80: 47 | P80: 47 | Q80: =IF(H80=0,"Weekend",IF(H80=6,"Weekend","Weekday")) -> Weekday | R80: =SUM(P80:P469) -> 44802 | S80: =AVERAGE($P$2:$P$392) -> 124.83887 | T80: =COUNT(P80:P470) -> 313 | U80: =LEFT(Q81,3) -> Wee | V80: =RIGHT(Q81,4) -> kday | W80: =LEN(Q80) -> 7 | X80: =INDEX(K:K,MATCH(A80,A:A,0)) -> 0.2273 | Y80: =COUNTIF(P:P,">100") -> 82 | Z80: =SUMIF(Q:Q,"Weekend",P:P) -> 7883 | AA80: =STDEV(P:P) -> 1232.2489 | AB80: =CORREL(J:J,P:P) -> 0.99911574 | AC80: =IF(ABS(P80-AVERAGE($P$2:$P$784))>2*STDEV($P$2:$P$784),"ANOMALY","Normal") -> Normal
A81: 699 | B81: 40545 | C81: 1 | D81: 0 | E81: 2 | F81: 11 | G81: FALSE | H81: 2 | I81: 2 | J81: 0.18 | K81: 0.2424 | L81: 0.86 | M81: 0 | N81: 2 | O81: 49 | P81: 51 | Q81: =IF(H81=0,"Weekend",IF(H81=6,"Weekend","Weekday")) -> Weekday | R81: =SUM(P81:P470) -> 44755 | S81: =AVERAGE($P$2:$P$392) -> 124.83887 | T81: =COUNT(P81:P471) -> 312 | U81: =LEFT(Q82,3) -> Wee | V81: =RIGHT(Q82,4) -> kday | W81: =LEN(Q81) -> 7 | X81: =INDEX(K:K,MATCH(A81,A:A,0)) -> 0.2424 | Y81: =COUNTIF(P:P,">100") -> 82 | Z81: =SUMIF(Q:Q,"Weekend",P:P) -> 7883 | AA81: =STDEV(P:P) -> 1232.2489 | AB81: =CORREL(J:J,P:P) -> 0.99911574 | AC81: =IF(ABS(P81-AVERAGE($P$2:$P$784))>2*STDEV($P$2:$P$784),"ANOMALY","Normal") -> Normal
A82: 700 | B82: 40545 | C82: 1 | D82: 0 | E82: 2 | F82: 12 | G82: FALSE | H82: 2 | I82: 2 | J82: 0.2 | K82: 0.2576 | L82: 0.86 | M82: 0 | N82: 2 | O82: 53 | P82: 55 | Q82: =IF(H82=0,"Weekend",IF(H82=6,"Weekend","Weekday")) -> Weekday | R82: =SUM(P82:P471) -> 44704 | S82: =AVERAGE($P$2:$P$392) -> 124.83887 | T82: =COUNT(P82:P472) -> 311 | U82: =LEFT(Q83,3) -> Wee | V82: =RIGHT(Q83,4) -> kday | W82: =LEN(Q82) -> 7 | X82: =INDEX(K:K,MATCH(A82,A:A,0)) -> 0.2576 | Y82: =COUNTIF(P:P,">100") -> 82 | Z82: =SUMIF(Q:Q,"Weekend",P:P) -> 7883 | AA82: =STDEV(P:P) -> 1232.2489 | AB82: =CORREL(J:J,P:P) -> 0.99911574 | AC82: =IF(ABS(P82-AVERAGE($P$2:$P$784))>2*STDEV($P$2:$P$784),"ANOMALY","Normal") -> Normal
... A351: 969 | B351: 40879 | C351: 1 | D351: 0 | E351: 2 | F351: 23 | G351: FALSE | H351: 6 | I351: 1 | J351: 0.22 | K351: 0.2273 | L351: 0.51 | M351: 0.1343 | N351: 1 | O351: 31 | P351: 32 | Q351: =IF(H351=0,"Weekend",IF(H351=6,"Weekend","Weekday")) -> Weekend | R351: =SUM(P351:P740) -> 26802 | S351: =AVERAGE($P$2:$P$392) -> 124.83887 | T351: =COUNT(P351:P741) -> 42 | U351: =LEFT(Q352,3) -> Wee | V351: =RIGHT(Q352,4) -> kend | W351: =LEN(Q351) -> 7 | X351: =INDEX(K:K,MATCH(A351,A:A,0)) -> 0.2273 | Y351: =COUNTIF(P:P,">100") -> 82 | Z351: =SUMIF(Q:Q,"Weekend",P:P) -> 7883 | AA351: =STDEV(P:P) -> 1232.2489 | AB351: =CORREL(J:J,P:P) -> 0.99911574 | AC351: =IF(ABS(P351-AVERAGE($P$2:$P$784))>2*STDEV($P$2:$P$784),"ANOMALY","Normal") -> Normal
A352: 970 | B352: 13-02-2011 | C352: 1 | D352: 0 | E352: 2 | F352: 0 | G352: FALSE | H352: 0 | I352: 1 | J352: 0.2 | K352: 0.2273 | L352: 0.64 | M352: 0.1045 | N352: 5 | O352: 34 | P352: 39 | Q352: =IF(H352=0,"Weekend",IF(H352=6,"Weekend","Weekday")) -> Weekend | R352: =SUM(P352:P741) -> 26770 | S352: =AVERAGE($P$2:$P$392) -> 124.83887 | T352: =COUNT(P352:P742) -> 41 | U352: =LEFT(Q353,3) -> Wee | V352: =RIGHT(Q353,4) -> kend | W352: =LEN(Q352) -> 7 | X352: =INDEX(K:K,MATCH(A352,A:A,0)) -> 0.2273 | Y352: =COUNTIF(P:P,">100") -> 82 | Z352: =SUMIF(Q:Q,"Weekend",P:P) -> 7883 | AA352: =STDEV(P:P) -> 1232.2489 | AB352: =CORREL(J:J,P:P) -> 0.99911574 | AC352: =IF(ABS(P352-AVERAGE($P$2:$P$784))>2*STDEV($P$2:$P$784),"ANOMALY","Normal") -> Normal
A353: 971 | B353: 13-02-2011 | C353: 1 | D353: 0 | E353: 2 | F353: 1 | G353: FALSE | H353: 0 | I353: 1 | J353: 0.2 | K353: 0.2273 | L353: 0.59 | M353: 0.0896 | N353: 1 | O353: 23 | P353: 24 | Q353: =IF(H353=0,"Weekend",IF(H353=6,"Weekend","Weekday")) -> Weekend | R353: =SUM(P353:P742) -> 26731 | S353: =AVERAGE($P$2:$P$392) -> 124.83887 | T353: =COUNT(P353:P743) -> 40 | U353: =LEFT(Q354,3) -> Wee | V353: =RIGHT(Q354,4) -> kend | W353: =LEN(Q353) -> 7 | X353: =INDEX(K:K,MATCH(A353,A:A,0)) -> 0.2273 | Y353: =COUNTIF(P:P,">100") -> 82 | Z353: =SUMIF(Q:Q,"Weekend",P:P) -> 7883 | AA353: =STDEV(P:P) -> 1232.2489 | AB353: =CORREL(J:J,P:P) -> 0.99911574 | AC353: =IF(ABS(P353-AVERAGE($P$2:$P$784))>2*STDEV($P$2:$P$784),"ANOMALY","Normal") -> Normal
A354: 972 | B354: 13-02-2011 | C354: 1 | D354: 0 | E354: 2 | F354: 2 | G354: FALSE | H354: 0 | I354: 2 | J354: 0.2 | K354: 0.2273 | L354: 0.75 | M354: 0.0896 | N354: 1 | O354: 19 | P354: 20 | Q354: =IF(H354=0,"Weekend",IF(H354=6,"Weekend","Weekday")) -> Weekend | R354: =SUM(P354:P743) -> 26707 | S354: =AVERAGE($P$2:$P$392) -> 124.83887 | T354: =COUNT(P354:P744) -> 39 | U354: =LEFT(Q355,3) -> Wee | V354: =RIGHT(Q355,4) -> kend | W354: =LEN(Q354) -> 7 | X354: =INDEX(K:K,MATCH(A354,A:A,0)) -> 0.2273 | Y354: =COUNTIF(P:P,">100") -> 82 | Z354: =SUMIF(Q:Q,"Weekend",P:P) -> 7883 | AA354: =STDEV(P:P) -> 1232.2489 | AB354: =CORREL(J:J,P:P) -> 0.99911574 | AC354: =IF(ABS(P354-AVERAGE($P$2:$P$784))>2*STDEV($P$2:$P$784),"ANOMALY","Normal") -> Normal
A355: 973 | B355: 13-02-2011 | C355: 1 | D355: 0 | E355: 2 | F355: 3 | G355: FALSE | H355: 0 | I355: 2 | J355: 0.2 | K355: 0.2273 | L355: 0.69 | M355: 0.1045 | N355: 4 | O355: 8 | P355: 12 | Q355: =IF(H355=0,"Weekend",IF(H355=6,"Weekend","Weekday")) -> Weekend | R355: =SUM(P355:P744) -> 26687 | S355: =AVERAGE($P$2:$P$392) -> 124.83887 | T355: =COUNT(P355:P745) -> 38 | U355: =LEFT(Q356,3) -> Wee | V355: =RIGHT(Q356,4) -> kend | W355: =LEN(Q355) -> 7 | X355: =INDEX(K:K,MATCH(A355,A:A,0)) -> 0.2273 | Y355: =COUNTIF(P:P,">100") -> 82 | Z355: =SUMIF(Q:Q,"Weekend",P:P) -> 7883 | AA355: =STDEV(P:P) -> 1232.2489 | AB355: =CORREL(J:J,P:P) -> 0.99911574 | AC355: =IF(ABS(P355-AVERAGE($P$2:$P$784))>2*STDEV($P$2:$P$784),"ANOMALY","Normal") -> Normal
A356: 974 | B356: 13-02-2011 | C356: 1 | D356: 0 | E356: 2 | F356: 4 | G356: FALSE | H356: 0 | I356: 2 | J356: 0.2 | K356: 0.2121 | L356: 0.69 | M356: 0.1642 | N356: 0 | O356: 2 | P356: 2 | Q356: =IF(H356=0,"Weekend",IF(H356=6,"Weekend","Weekday")) -> Weekend | R356: =SUM(P356:P745) -> 26675 | S356: =AVERAGE($P$2:$P$392) -> 124.83887 | T356: =COUNT(P356:P746) -> 37 | U356: =LEFT(Q357,3) -> Wee | V356: =RIGHT(Q357,4) -> kend | W356: =LEN(Q356) -> 7 | X356: =INDEX(K:K,MATCH(A356,A:A,0)) -> 0.2121 | Y356: =COUNTIF(P:P,">100") -> 82 | Z356: =SUMIF(Q:Q,"Weekend",P:P) -> 7883 | AA356: =STDEV(P:P) -> 1232.2489 | AB356: =CORREL(J:J,P:P) -> 0.99911574 | AC356: =IF(ABS(P356-AVERAGE($P$2:$P$784))>2*STDEV($P$2:$P$784),"ANOMALY","Normal") -> Normal
A357: 975 | B357: 13-02-2011 | C357: 1 | D357: 0 | E357: 2 | F357: 6 | G357: FALSE | H357: 0 | I357: 2 | J357: 0.2 | K357: 0.2121 | L357: 0.69 | M357: 0.1343 | N357: 2 | O357: 3 | P357: 5 | Q357: =IF(H357=0,"Weekend",IF(H357=6,"Weekend","Weekday")) -> Weekend | R357: =SUM(P357:P746) -> 26673 | S357: =AVERAGE($P$2:$P$392) -> 124.83887 | T357: =COUNT(P357:P747) -> 36 | U357: =LEFT(Q358,3) -> Wee | V357: =RIGHT(Q358,4) -> kend | W357: =LEN(Q357) -> 7 | X357: =INDEX(K:K,MATCH(A357,A:A,0)) -> 0.2121 | Y357: =COUNTIF(P:P,">100") -> 82 | Z357: =SUMIF(Q:Q,"Weekend",P:P) -> 7883 | AA357: =STDEV(P:P) -> 1232.2489 | AB357: =CORREL(J:J,P:P) -> 0.99911574 | AC357: =IF(ABS(P357-AVERAGE($P$2:$P$784))>2*STDEV($P$2:$P$784),"ANOMALY","Normal") -> Normal
A358: 976 | B358: 13-02-2011 | C358: 1 | D358: 0 | E358: 2 | F358: 7 | G358: FALSE | H358: 0 | I358: 2 | J358: 0.22 | K358: 0.2727 | L358: 0.55 | M358: 0 | N358: 0 | O358: 3 | P358: 3 | Q358: =IF(H358=0,"Weekend",IF(H358=6,"Weekend","Weekday")) -> Weekend | R358: =SUM(P358:P747) -> 26668 | S358: =AVERAGE($P$2:$P$392) -> 124.83887 | T358: =COUNT(P358:P748) -> 35 | U358: =LEFT(Q359,3) -> Wee | V358: =RIGHT(Q359,4) -> kend | W358: =LEN(Q358) -> 7 | X358: =INDEX(K:K,MATCH(A358,A:A,0)) -> 0.2727 | Y358: =COUNTIF(P:P,">100") -> 82 | Z358: =SUMIF(Q:Q,"Weekend",P:P) -> 7883 | AA358: =STDEV(P:P) -> 1232.2489 | AB358: =CORREL(J:J,P:P) -> 0.99911574 | AC358: =IF(ABS(P358-AVERAGE($P$2:$P$784))>2*STDEV($P$2:$P$784),"ANOMALY","Normal") -> Normal
A359: 977 | B359: 13-02-2011 | C359: 1 | D359: 0 | E359: 2 | F359: 8 | G359: FALSE | H359: 0 | I359: 2 | J359: 0.22 | K359: 0.2273 | L359: 0.64 | M359: 0.194 | N359: 1 | O359: 11 | P359: 12 | Q359: =IF(H359=0,"Weekend",IF(H359=6,"Weekend","Weekday")) -> Weekend | R359: =SUM(P359:P748) -> 26665 | S359: =AVERAGE($P$2:$P$392) -> 124.83887 | T359: =COUNT(P359:P749) -> 34 | U359: =LEFT(Q360,3) -> Wee | V359: =RIGHT(Q360,4) -> kend | W359: =LEN(Q359) -> 7 | X359: =INDEX(K:K,MATCH(A359,A:A,0)) -> 0.2273 | Y359: =COUNTIF(P:P,">100") -> 82 | Z359: =SUMIF(Q:Q,"Weekend",P:P) -> 7883 | AA359: =STDEV(P:P) -> 1232.2489 | AB359: =CORREL(J:J,P:P) -> 0.99911574 | AC359: =IF(ABS(P359-AVERAGE($P$2:$P$784))>2*STDEV($P$2:$P$784),"ANOMALY","Normal") -> Normal
A360: 978 | B360: 13-02-2011 | C360: 1 | D360: 0 | E360: 2 | F360: 9 | G360: FALSE | H360: 0 | I360: 2 | J360: 0.24 | K360: 0.2273 | L360: 0.6 | M360: 0.2239 | N360: 12 | O360: 35 | P360: 47 | Q360: =IF(H360=0,"Weekend",IF(H360=6,"Weekend","Weekday")) -> Weekend | R360: =SUM(P360:P749) -> 26653 | S360: =AVERAGE($P$2:$P$392) -> 124.83887 | T360: =COUNT(P360:P750) -> 33 | U360: =LEFT(Q361,3) -> Wee | V360: =RIGHT(Q361,4) -> kend | W360: =LEN(Q360) -> 7 | X360: =INDEX(K:K,MATCH(A360,A:A,0)) -> 0.2273 | Y360: =COUNTIF(P:P,">100") -> 82 | Z360: =SUMIF(Q:Q,"Weekend",P:P) -> 7883 | AA360: =STDEV(P:P) -> 1232.2489 | AB360: =CORREL(J:J,P:P) -> 0.99911574 | AC360: =IF(ABS(P360-AVERAGE($P$2:$P$784))>2*STDEV($P$2:$P$784),"ANOMALY","Normal") -> Normal
A361: 979 | B361: 13-02-2011 | C361: 1 | D361: 0 | E361: 2 | F361: 10 | G361: FALSE | H361: 0 | I361: 1 | J361: 0.3 | K361: 0.2727 | L361: 0.45 | M361: 0.3284 | N361: 19 | O361: 86 | P361: 105 | Q361: =IF(H361=0,"Weekend",IF(H361=6,"Weekend","Weekday")) -> Weekend | R361: =SUM(P361:P750) -> 26606 | S361: =AVERAGE($P$2:$P$392) -> 124.83887 | T361: =COUNT(P361:P751) -> 32 | U361: =LEFT(Q362,3) -> Wee | V361: =RIGHT(Q362,4) -> kend | W361: =LEN(Q361) -> 7 | X361: =INDEX(K:K,MATCH(A361,A:A,0)) -> 0.2727 | Y361: =COUNTIF(P:P,">100") -> 82 | Z361: =SUMIF(Q:Q,"Weekend",P:P) -> 7883 | AA361: =STDEV(P:P) -> 1232.2489 | AB361: =CORREL(J:J,P:P) -> 0.99911574 | AC361: =IF(ABS(P361-AVERAGE($P$2:$P$784))>2*STDEV($P$2:$P$784),"ANOMALY","Normal") -> Normal
A362: 980 | B362: 13-02-2011 | C362: 1 | D362: 0 | E362: 2 | F362: 11 | G362: FALSE | H362: 0 | I362: 1 | J362: 0.32 | K362: 0.2879 | L362: 0.39 | M362: 0.4478 | N362: 26 | O362: 86 | P362: 112 | Q362: =IF(H362=0,"Weekend",IF(H362=6,"Weekend","Weekday")) -> Weekend | R362: =SUM(P362:P751) -> 26501 | S362: =AVERAGE($P$2:$P$392) -> 124.83887 | T362: =COUNT(P362:P752) -> 31 | U362: =LEFT(Q363,3) -> Wee | V362: =RIGHT(Q363,4) -> kend | W362: =LEN(Q362) -> 7 | X362: =INDEX(K:K,MATCH(A362,A:A,0)) -> 0.2879 | Y362: =COUNTIF(P:P,">100") -> 82 | Z362: =SUMIF(Q:Q,"Weekend",P:P) -> 7883 | AA362: =STDEV(P:P) -> 1232.2489 | AB362: =CORREL(J:J,P:P) -> 0.99911574 | AC362: =IF(ABS(P362-AVERAGE($P$2:$P$784))>2*STDEV($P$2:$P$784),"ANOMALY","Normal") -> Normal
A363: 981 | B363: 13-02-2011 | C363: 1 | D363: 0 | E363: 2 | F363: 12 | G363: FALSE | H363: 0 | I363: 1 | J363: 0.36 | K363: 0.3182 | L363: 0.32 | M363: 0.4627 | N363: 58 | O363: 94 | P363: 152 | Q363: =IF(H363=0,"Weekend",IF(H363=6,"Weekend","Weekday")) -> Weekend | R363: =SUM(P363:P752) -> 26389 | S363: =AVERAGE($P$2:$P$392) -> 124.83887 | T363: =COUNT(P363:P753) -> 30 | U363: =LEFT(Q364,3) -> Wee | V363: =RIGHT(Q364,4) -> kend | W363: =LEN(Q363) -> 7 | X363: =INDEX(K:K,MATCH(A363,A:A,0)) -> 0.3182 | Y363: =COUNTIF(P:P,">100") -> 82 | Z363: =SUMIF(Q:Q,"Weekend",P:P) -> 7883 | AA363: =STDEV(P:P) -> 1232.2489 | AB363: =CORREL(J:J,P:P) -> 0.99911574 | AC363: =IF(ABS(P363-AVERAGE($P$2:$P$784))>2*STDEV($P$2:$P$784),"ANOMALY","Normal") -> Normal
... A391: 619 | B391: 29-01-2011 | C391: 1 | D391: 0 | E391: 1 | F391: 0 | G391: FALSE | H391: 6 | I391: 1 | J391: 0.22 | K391: 0.197 | L391: 0.64 | M391: 0.3582 | N391: 2 | O391: 26 | P391: 28 | Q391: =IF(H391=0,"Weekend",IF(H391=6,"Weekend","Weekday")) -> Weekend | R391: =SUM(P391:P780) -> 24434 | S391: =AVERAGE($P$2:$P$392) -> 124.83887 | T391: =COUNT(P391:P781) -> 2 | U391: =LEFT(Q392,3) | V391: =RIGHT(Q392,4) | W391: =LEN(Q391) -> 7 | X391: =INDEX(K:K,MATCH(A391,A:A,0)) -> 0.197 | Y391: =COUNTIF(P:P,">100") -> 82 | Z391: =SUMIF(Q:Q,"Weekend",P:P) -> 7883 | AA391: =STDEV(P:P) -> 1232.2489 | AB391: =CORREL(J:J,P:P) -> 0.99911574 | AC391: =IF(ABS(P391-AVERAGE($P$2:$P$784))>2*STDEV($P$2:$P$784),"ANOMALY","Normal") -> Normal
A392: =SUM(A2:A391) -> 314145 | C392: =SUM(C2:C391) -> 390 | D392: =SUM(D2:D391) -> 0 | E392: =SUM(E2:E391) -> 702 | F392: =SUM(F2:F391) -> 4558 | G392: =SUM(G2:G391) -> 0 | H392: =SUM(H2:H391) -> 1166 | I392: =SUM(I2:I391) -> 579 | J392: =SUM(J2:J391) -> 85.8 | ... P392: =SUM(P2:P391) -> 24406

Sheet Dashboard
